TransactionNo,Date,ProductNo,ProductName,Price,Quantity,CustomerNo,Country
C565752,2023-09-06,21686,Medina Stamped Metal Stool,51.2,-1,17841.0,United Kingdom
565767,2023-09-06,22423,Regency Cakestand 3 Tier,35.83,3,13767.0,United Kingdom
565670,2023-09-06,22846,Bread Bin Diner Style Red,27.62,2,14944.0,United Kingdom
565733,2023-09-06,22847,Bread Bin Diner Style Ivory,27.62,2,16359.0,United Kingdom
565737,2023-09-06,22946,Wooden Advent Calendar Cream,27.62,1,16400.0,United Kingdom
565784,2023-09-06,23010,Circus Parade Baby Gift Set,27.62,1,15089.0,United Kingdom
565748,2023-09-06,22847,Bread Bin Diner Style Ivory,25.57,16,14156.0,EIRE
565767,2023-09-06,84997B,Childrens Cutlery Retrospot Red,23.71,1,13767.0,United Kingdom
565675,2023-09-06,22605,Wooden Croquet Garden Set,23.32,8,15513.0,United Kingdom
565682,2023-09-06,21340,Classic Metal Birdcage Plant Holder,23.32,1,14796.0,United Kingdom
565724,2023-09-06,22423,Regency Cakestand 3 Tier,23.32,2,16168.0,United Kingdom
565726,2023-09-06,22423,Regency Cakestand 3 Tier,23.32,3,14360.0,United Kingdom
565733,2023-09-06,22424,Enamel Bread Bin Cream,23.32,2,16359.0,United Kingdom
565738,2023-09-06,21735,Two Door Curio Cabinet,23.32,2,14667.0,United Kingdom
565748,2023-09-06,22424,Enamel Bread Bin Cream,23.32,4,14156.0,EIRE
565748,2023-09-06,22838,3 Tier Cake Tin Red And Cream,23.32,8,14156.0,EIRE
565748,2023-09-06,22839,3 Tier Cake Tin Green And Cream,23.32,8,14156.0,EIRE
565778,2023-09-06,21340,Classic Metal Birdcage Plant Holder,23.32,1,17460.0,United Kingdom
565674,2023-09-06,23427,Stool Home Sweet Home,23.06,2,15271.0,United Kingdom
565767,2023-09-06,79321,Chilli Lights,23.02,6,13767.0,United Kingdom
565767,2023-09-06,22112,Chocolate Hot Water Bottle,23.02,5,13767.0,United Kingdom
565677,2023-09-06,22622,Box Of Vintage Alphabet Blocks,22.5,2,15521.0,United Kingdom
565726,2023-09-06,22622,Box Of Vintage Alphabet Blocks,22.5,2,14360.0,United Kingdom
C565681,2023-09-06,22622,Box Of Vintage Alphabet Blocks,22.5,-2,15521.0,United Kingdom
565675,2023-09-06,23065,Large Deco Jewellery Stand,21.68,24,15513.0,United Kingdom
565748,2023-09-06,22423,Regency Cakestand 3 Tier,21.47,16,14156.0,EIRE
565759,2023-09-06,21843,Red Retrospot Cake Stand,21.47,1,12720.0,Germany
565667,2023-09-06,23037,Candle Holder Silver Madeline,11.94,12,17449.0,United Kingdom
565667,2023-09-06,22173,Metal 4 Hook Hanger French Chateau,13.62,8,17449.0,United Kingdom
565667,2023-09-06,22795,Sweetheart Recipe Book Stand,17.17,2,17449.0,United Kingdom
565667,2023-09-06,84978,Hanging Heart Jar T-Light Holder,11.53,12,17449.0,United Kingdom
565667,2023-09-06,22269,Egg Cup Natural Chicken,10.65,16,17449.0,United Kingdom
565667,2023-09-06,22294,Heart Filigree Dove Small,11.53,24,17449.0,United Kingdom
565667,2023-09-06,22297,Heart Ivory Trellis Small,11.53,24,17449.0,United Kingdom
565667,2023-09-06,22171,3 Hook Photo Shelf Antique White,18.96,2,17449.0,United Kingdom
565667,2023-09-06,22169,Family Album White Picture Frame,18.96,2,17449.0,United Kingdom
565668,2023-09-06,21755,Love Building Block Word,16.66,3,15291.0,United Kingdom
565668,2023-09-06,21670,Blue Spot Ceramic Drawer Knob,11.53,96,15291.0,United Kingdom
565668,2023-09-06,21669,Blue Stripe Ceramic Drawer Knob,11.53,96,15291.0,United Kingdom
565668,2023-09-06,21668,Red Stripe Ceramic Drawer Knob,11.53,96,15291.0,United Kingdom
565669,2023-09-06,22639,Set Of 4 Napkin Charms Hearts,12.4,32,17560.0,United Kingdom
565669,2023-09-06,84755,Colour Glass T-Light Holder Hanging,10.92,64,17560.0,United Kingdom
565669,2023-09-06,40016,Chinese Dragon Paper Lanterns,10.68,96,17560.0,United Kingdom
565670,2023-09-06,22175,Pink Owl Soft Toy,13.27,6,14944.0,United Kingdom
565670,2023-09-06,22176,Blue Owl Soft Toy,13.27,6,14944.0,United Kingdom
565670,2023-09-06,84931A,Pink Scottie Dog W Flower Pattern,12.86,6,14944.0,United Kingdom
565670,2023-09-06,84931B,Blue Scottie Dog W Flower Pattern,12.86,6,14944.0,United Kingdom
565670,2023-09-06,23168,Classic Cafe Sugar Dispenser,11.53,12,14944.0,United Kingdom
565670,2023-09-06,23270,Set Of 2 Ceramic Painted Hearts,11.74,48,14944.0,United Kingdom
565670,2023-09-06,22728,Alarm Clock Bakelike Pink,14.09,8,14944.0,United Kingdom
565670,2023-09-06,22727,Alarm Clock Bakelike Red,14.09,8,14944.0,United Kingdom
565670,2023-09-06,22726,Alarm Clock Bakelike Green,14.09,4,14944.0,United Kingdom
565670,2023-09-06,23341,Pink Diner Wall Clock,18.96,4,14944.0,United Kingdom
565670,2023-09-06,23342,Mint Diner Wall Clock,18.96,4,14944.0,United Kingdom
565670,2023-09-06,22670,French Wc Sign Blue Metal,11.53,12,14944.0,United Kingdom
565670,2023-09-06,22671,French Laundry Sign Blue Metal,11.94,12,14944.0,United Kingdom
565670,2023-09-06,85123A,Cream Hanging Heart T-Light Holder,13.27,12,14944.0,United Kingdom
565670,2023-09-06,21498,Red Retrospot Wrap,10.68,50,14944.0,United Kingdom
565670,2023-09-06,22193,Red Diner Wall Clock,18.96,4,14944.0,United Kingdom
565670,2023-09-06,22469,Heart Of Wicker Small,11.94,12,14944.0,United Kingdom
565670,2023-09-06,22637,Piggy Bank Retrospot,12.86,4,14944.0,United Kingdom
565670,2023-09-06,22457,Natural Slate Heart Chalkboard,13.27,24,14944.0,United Kingdom
565670,2023-09-06,21210,Set Of 72 Retrospot Paper Doilies,11.74,12,14944.0,United Kingdom
565670,2023-09-06,23144,Zinc T-Light Holder Stars Small,11.1,12,14944.0,United Kingdom
565670,2023-09-06,22156,Heart Decoration With Pearls,11.12,24,14944.0,United Kingdom
565670,2023-09-06,23321,Small White Heart Of Wicker,11.94,12,14944.0,United Kingdom
565670,2023-09-06,23322,Large White Heart Of Wicker,13.27,12,14944.0,United Kingdom
565672,2023-09-06,85049E,Scandinavian Reds Ribbons,11.53,12,17700.0,United Kingdom
565672,2023-09-06,85049G,Chocolate Box Ribbons,11.53,12,17700.0,United Kingdom
565672,2023-09-06,85049C,Romantic Pinks Ribbons,11.53,12,17700.0,United Kingdom
565672,2023-09-06,22744,Make Your Own Monsoon Card Kit,13.27,6,17700.0,United Kingdom
565672,2023-09-06,21116,Owl Doorstop,15.32,3,17700.0,United Kingdom
565672,2023-09-06,23298,Spotty Bunting,15.32,6,17700.0,United Kingdom
565672,2023-09-06,22469,Heart Of Wicker Small,11.94,12,17700.0,United Kingdom
565672,2023-09-06,84879,Assorted Colour Bird Ornament,11.98,8,17700.0,United Kingdom
565672,2023-09-06,23321,Small White Heart Of Wicker,11.94,12,17700.0,United Kingdom
565672,2023-09-06,23431,Natural Hanging Quilted Hearts,11.1,12,17700.0,United Kingdom
565672,2023-09-06,85061W,White Jewelled Heart Decoration,11.12,24,17700.0,United Kingdom
565672,2023-09-06,20982,12 Pencils Tall Tube Skulls,11.12,12,17700.0,United Kingdom
565672,2023-09-06,20983,12 Pencils Tall Tube Red Retrospot,11.12,12,17700.0,United Kingdom
565672,2023-09-06,20984,12 Pencils Tall Tube Posy,10.55,24,17700.0,United Kingdom
565672,2023-09-06,21703,Bag 125g Swirly Marbles,10.68,12,17700.0,United Kingdom
565672,2023-09-06,23263,Set Of 3 Wooden Heart Decorations,11.53,12,17700.0,United Kingdom
565672,2023-09-06,23270,Set Of 2 Ceramic Painted Hearts,11.74,12,17700.0,United Kingdom
565672,2023-09-06,23381,Pack Of 12 Vintage Leaf Tissues,10.65,24,17700.0,United Kingdom
565672,2023-09-06,47566,Party Bunting,15.32,4,17700.0,United Kingdom
565672,2023-09-06,85123A,Cream Hanging Heart T-Light Holder,12.86,32,17700.0,United Kingdom
565672,2023-09-06,84912B,Green Rose Washbag,14.09,4,17700.0,United Kingdom
565672,2023-09-06,84922,Pink Butterfly Washbag,14.61,3,17700.0,United Kingdom
565672,2023-09-06,22804,Pink Hanging Heart T-Light Holder,13.27,6,17700.0,United Kingdom
565672,2023-09-06,23057,Beaded Chandelier T-Light Holder,15.32,4,17700.0,United Kingdom
565672,2023-09-06,23056,Flowers Chandelier T-Light Holder,16.66,3,17700.0,United Kingdom
565672,2023-09-06,23055,Ivory Chandelier T-Light Holder,16.66,3,17700.0,United Kingdom
565672,2023-09-06,22173,Metal 4 Hook Hanger French Chateau,13.62,8,17700.0,United Kingdom
565672,2023-09-06,22078,Ribbon Reel Lace Design,12.4,10,17700.0,United Kingdom
565672,2023-09-06,22080,Ribbon Reel Polkadots,11.94,10,17700.0,United Kingdom
565672,2023-09-06,22077,6 Ribbons Rustic Charm,12.25,12,17700.0,United Kingdom
565673,2023-09-06,23323,White Wicker Star,12.4,12,14441.0,United Kingdom
565673,2023-09-06,23355,Hot Water Bottle Keep Calm,15.32,12,14441.0,United Kingdom
565673,2023-09-06,47566,Party Bunting,15.32,8,14441.0,United Kingdom
565673,2023-09-06,22413,Metal Sign Take It Or Leave It,13.27,6,14441.0,United Kingdom
565673,2023-09-06,21174,Pottering In The Shed Metal Sign,12.38,12,14441.0,United Kingdom
565673,2023-09-06,22119,Peace Wooden Block Letters,17.37,3,14441.0,United Kingdom
565673,2023-09-06,23322,Large White Heart Of Wicker,13.27,6,14441.0,United Kingdom
565673,2023-09-06,84029G,Knitted Union Flag Hot Water Bottle,14.61,12,14441.0,United Kingdom
565673,2023-09-06,23332,Ivory Wicker Heart Large,11.94,24,14441.0,United Kingdom
565673,2023-09-06,22112,Chocolate Hot Water Bottle,15.32,9,14441.0,United Kingdom
565674,2023-09-06,23393,Home Sweet Home Cushion Cover,14.09,4,15271.0,United Kingdom
565674,2023-09-06,23395,Belle Jardiniere Cushion Cover,14.09,4,15271.0,United Kingdom
565674,2023-09-06,23234,Biscuit Tin Vintage Christmas,13.21,6,15271.0,United Kingdom
565674,2023-09-06,23270,Set Of 2 Ceramic Painted Hearts,11.74,12,15271.0,United Kingdom
565674,2023-09-06,23425,Storage Tin Home Sweet Home,12.8,6,15271.0,United Kingdom
565674,2023-09-06,23399,Home Sweet Home Hanging Heart,11.12,12,15271.0,United Kingdom
565674,2023-09-06,23403,Letter Holder Home Sweet Home,14.09,4,15271.0,United Kingdom
565674,2023-09-06,23405,Home Sweet Home 2 Drawer Cabinet,15.32,4,15271.0,United Kingdom
565674,2023-09-06,23406,Home Sweet Home Key Holder,16.66,2,15271.0,United Kingdom
565674,2023-09-06,22865,Hand Warmer Owl Design,12.4,12,15271.0,United Kingdom
565674,2023-09-06,22114,Hot Water Bottle Tea And Sympathy,14.61,4,15271.0,United Kingdom
565675,2023-09-06,21754,Home Building Block Word,16.35,3,15513.0,United Kingdom
565675,2023-09-06,21114,Lavender Scented Fabric Heart,11.53,40,15513.0,United Kingdom
565675,2023-09-06,22725,Alarm Clock Bakelike Chocolate,14.09,4,15513.0,United Kingdom
565675,2023-09-06,22727,Alarm Clock Bakelike Red,14.09,8,15513.0,United Kingdom
565675,2023-09-06,22699,Roses Regency Teacup And Saucer,13.27,6,15513.0,United Kingdom
565675,2023-09-06,22697,Green Regency Teacup And Saucer,13.27,6,15513.0,United Kingdom
565675,2023-09-06,22624,Ivory Kitchen Scales,18.09,12,15513.0,United Kingdom
565675,2023-09-06,22441,Grow Your Own Basil In Enamel Mug,12.4,16,15513.0,United Kingdom
565675,2023-09-06,82483,Wood 2 Drawer Cabinet White Finish,16.35,16,15513.0,United Kingdom
565675,2023-09-06,22766,Photo Frame Cornice,12.86,48,15513.0,United Kingdom
565675,2023-09-06,22767,Triple Photo Frame Cornice,18.96,16,15513.0,United Kingdom
565675,2023-09-06,22698,Pink Regency Teacup And Saucer,13.27,6,15513.0,United Kingdom
565675,2023-09-06,22726,Alarm Clock Bakelike Green,14.09,8,15513.0,United Kingdom
565675,2023-09-06,23245,Set Of 3 Regency Cake Tins,14.5,16,15513.0,United Kingdom
565675,2023-09-06,21497,Fancy Fonts Birthday Wrap,10.68,25,15513.0,United Kingdom
565675,2023-09-06,23232,Wrap Vintage Leaf Design,10.68,25,15513.0,United Kingdom
565675,2023-09-06,71477,Coloured Glass Star T-Light Holder,13.07,24,15513.0,United Kingdom
565675,2023-09-06,23075,Parlour Ceramic Wall Hook,14.5,8,15513.0,United Kingdom
565675,2023-09-06,23046,Paper Lantern 9 Point Deluxe Star,17.07,20,15513.0,United Kingdom
565675,2023-09-06,23070,Edwardian Heart Photo Frame,14.5,4,15513.0,United Kingdom
565675,2023-09-06,22792,Fluted Antique Candle Holder,11.12,12,15513.0,United Kingdom
565675,2023-09-06,23066,Small Deco Jewellery Stand,17.89,24,15513.0,United Kingdom
565675,2023-09-06,21916,Set 12 Retro White Chalk Sticks,10.68,48,15513.0,United Kingdom
565675,2023-09-06,22456,Natural Slate Chalkboard Large,14.61,18,15513.0,United Kingdom
565675,2023-09-06,82484,Wood Black Board Ant White Finish,17.17,12,15513.0,United Kingdom
565675,2023-09-06,22191,Ivory Diner Wall Clock,18.96,2,15513.0,United Kingdom
565675,2023-09-06,22721,Set Of 3 Cake Tins Sketchbook,15.32,6,15513.0,United Kingdom
565675,2023-09-06,22665,Recipe Box Blue Sketchbook Design,13.27,6,15513.0,United Kingdom
565675,2023-09-06,22666,Recipe Box Pantry Yellow Design,13.27,6,15513.0,United Kingdom
565675,2023-09-06,21407,Brown Check Cat Doorstop,14.09,16,15513.0,United Kingdom
565675,2023-09-06,23168,Classic Cafe Sugar Dispenser,11.53,12,15513.0,United Kingdom
565675,2023-09-06,85123A,Cream Hanging Heart T-Light Holder,12.86,32,15513.0,United Kingdom
565675,2023-09-06,23173,Regency Teapot Roses,18.6,12,15513.0,United Kingdom
565675,2023-09-06,23109,Pack Of Six Led Tea Lights,13.21,12,15513.0,United Kingdom
565675,2023-09-06,23208,Lunch Bag Vintage Leaf Design,5.97,20,15513.0,United Kingdom
565675,2023-09-06,23209,Lunch Bag Vintage Doily,5.97,20,15513.0,United Kingdom
565676,2023-09-06,23350,Roll Wrap Vintage Spot,11.32,72,15513.0,United Kingdom
565676,2023-09-06,23393,Home Sweet Home Cushion Cover,14.09,4,15513.0,United Kingdom
565676,2023-09-06,23395,Belle Jardiniere Cushion Cover,14.09,4,15513.0,United Kingdom
565676,2023-09-06,23412,Heart Mirror Antique White,17.94,2,15513.0,United Kingdom
565676,2023-09-06,23356,Love Hot Water Bottle,15.32,24,15513.0,United Kingdom
565677,2023-09-06,21731,Red Toadstool Led Night Light,11.94,12,15521.0,United Kingdom
565677,2023-09-06,22332,Skulls Party Bag + Sticker Set,11.94,8,15521.0,United Kingdom
565677,2023-09-06,22333,Retrospot Party Bag + Sticker Set,11.94,8,15521.0,United Kingdom
565677,2023-09-06,20749,Assorted Colour Mini Cases,18.4,2,15521.0,United Kingdom
565677,2023-09-06,23445,Ice Cream Bubbles,11.1,20,15521.0,United Kingdom
565677,2023-09-06,21915,Red Harmonica In Box,11.53,12,15521.0,United Kingdom
565677,2023-09-06,23254,Childrens Cutlery Dolly Girl,14.5,4,15521.0,United Kingdom
565677,2023-09-06,23256,Childrens Cutlery Spaceboy,14.5,4,15521.0,United Kingdom
565677,2023-09-06,23201,Jumbo Bag Alphabet,6.19,10,15521.0,United Kingdom
565677,2023-09-06,23203,Jumbo Bag Vintage Doily,6.19,10,15521.0,United Kingdom
565678,2023-09-06,21891,Traditional Wooden Skipping Rope,11.74,12,15521.0,United Kingdom
565679,2023-09-06,21621,Vintage Union Jack Bunting,18.96,10,15199.0,United Kingdom
565679,2023-09-06,47590A,Blue Happy Birthday Bunting,15.84,9,15199.0,United Kingdom
565679,2023-09-06,47590B,Pink Happy Birthday Bunting,15.84,9,15199.0,United Kingdom
565679,2023-09-06,22668,Pink Baby Bunting,12.86,50,15199.0,United Kingdom
565680,2023-09-06,21213,Pack Of 72 Skull Cake Cases,10.68,240,14560.0,United Kingdom
565682,2023-09-06,21175,Gin And Tonic Diet Metal Sign,12.86,24,14796.0,United Kingdom
565682,2023-09-06,21166,Cook With Wine Metal Sign,12.38,24,14796.0,United Kingdom
565682,2023-09-06,21165,Beware Of The Cat Metal Sign,11.98,24,14796.0,United Kingdom
565682,2023-09-06,85152,Hand Over The Chocolate Sign,12.4,12,14796.0,United Kingdom
565682,2023-09-06,21908,Chocolate This Way Metal Sign,12.4,12,14796.0,United Kingdom
565682,2023-09-06,21903,Man Flu Metal Sign,12.4,12,14796.0,United Kingdom
565682,2023-09-06,82567,Airline Lounge Metal Sign,12.4,6,14796.0,United Kingdom
565682,2023-09-06,21166,Cook With Wine Metal Sign,12.38,10,14796.0,United Kingdom
565682,2023-09-06,21181,Please One Person Metal Sign,12.4,2,14796.0,United Kingdom
565682,2023-09-06,85152,Hand Over The Chocolate Sign,12.4,9,14796.0,United Kingdom
565682,2023-09-06,21907,I'm On Holiday Metal Sign,12.4,24,14796.0,United Kingdom
565682,2023-09-06,82600,N0 Singing Metal Sign,12.4,24,14796.0,United Kingdom
565682,2023-09-06,82582,Area Patrolled Metal Sign,12.4,36,14796.0,United Kingdom
565682,2023-09-06,82583,Hot Baths Metal Sign,12.4,48,14796.0,United Kingdom
565682,2023-09-06,23307,Set Of 60 Pantry Design Cake Cases,10.81,4,14796.0,United Kingdom
565682,2023-09-06,21977,Pack Of 60 Pink Paisley Cake Cases,10.81,4,14796.0,United Kingdom
565682,2023-09-06,23309,Set Of 60 I Love London Cake Cases,10.81,4,14796.0,United Kingdom
565682,2023-09-06,21213,Pack Of 72 Skull Cake Cases,10.81,4,14796.0,United Kingdom
565682,2023-09-06,21774,Decorative Cats Bathroom Bottle,11.53,1,14796.0,United Kingdom
565682,2023-09-06,21700,Big Doughnut Fridge Magnets,11.12,6,14796.0,United Kingdom
565682,2023-09-06,35965,Folkart Heart Napkin Rings,11.06,6,14796.0,United Kingdom
565682,2023-09-06,22064,Pink Doughnut Trinket Pot,11.94,2,14796.0,United Kingdom
565682,2023-09-06,23236,Storage Tin Vintage Doily,13.21,1,14796.0,United Kingdom
565682,2023-09-06,23239,Set Of 4 Knick Knack Tins Poppies,14.5,1,14796.0,United Kingdom
565682,2023-09-06,37500,Tea Time Teapot In Gift Box,15.32,2,14796.0,United Kingdom
565682,2023-09-06,23240,Set Of 4 Knick Knack Tins Doily,14.5,1,14796.0,United Kingdom
565682,2023-09-06,22900,Set 2 Tea Towels I Love London,13.58,3,14796.0,United Kingdom
565682,2023-09-06,37450,Ceramic Cake Bowl + Hanging Cakes,13.27,2,14796.0,United Kingdom
565682,2023-09-06,47559B,Tea Time Oven Glove,11.53,6,14796.0,United Kingdom
565682,2023-09-06,22629,Spaceboy Lunch Box,12.25,2,14796.0,United Kingdom
565682,2023-09-06,22630,Dolly Girl Lunch Box,12.25,2,14796.0,United Kingdom
565682,2023-09-06,22659,Lunch Box I Love London,12.25,1,14796.0,United Kingdom
565682,2023-09-06,21231,Sweetheart Ceramic Trinket Box,11.53,8,14796.0,United Kingdom
565682,2023-09-06,21232,Strawberry Ceramic Trinket Pot,11.53,4,14796.0,United Kingdom
565682,2023-09-06,23077,Doughnut Lip Gloss,11.53,20,14796.0,United Kingdom
565682,2023-09-06,85123A,Cream Hanging Heart T-Light Holder,13.27,2,14796.0,United Kingdom
565682,2023-09-06,21733,Red Hanging Heart T-Light Holder,13.27,2,14796.0,United Kingdom
565682,2023-09-06,22398,Magnets Pack Of 4 Swallows,10.65,12,14796.0,United Kingdom
565682,2023-09-06,85111,Silver Glitter Flower Votive Holder,10.55,12,14796.0,United Kingdom
565682,2023-09-06,84596G,Small Chocolates Pink Bowl,10.68,8,14796.0,United Kingdom
565682,2023-09-06,35646,Vintage Bead Pink Evening Bag,11.53,5,14796.0,United Kingdom
565682,2023-09-06,35651,Vintage Bead Pink Scarf,11.94,7,14796.0,United Kingdom
565682,2023-09-06,23236,Storage Tin Vintage Doily,13.21,1,14796.0,United Kingdom
565682,2023-09-06,22123,Ping Microwave Apron,12.25,4,14796.0,United Kingdom
565682,2023-09-06,47593B,Scottie Dogs Baby Bib,10.65,6,14796.0,United Kingdom
565682,2023-09-06,23280,Folding Butterfly Mirror Hot Pink,11.1,1,14796.0,United Kingdom
565682,2023-09-06,23281,Folding Butterfly Mirror Red,11.1,1,14796.0,United Kingdom
565682,2023-09-06,23282,Folding Butterfly Mirror Ivory,11.1,1,14796.0,United Kingdom
565682,2023-09-06,84596B,Small Dolly Mix Design Orange Bowl,10.68,16,14796.0,United Kingdom
565682,2023-09-06,84596F,Small Marshmallows Pink Bowl,10.68,16,14796.0,United Kingdom
565682,2023-09-06,22396,Magnets Pack Of 4 Retro Photo,10.65,6,14796.0,United Kingdom
565682,2023-09-06,23392,Spaceboy Rocket Lolly Makers,12.38,1,14796.0,United Kingdom
565682,2023-09-06,22995,Travel Card Wallet Suki,10.68,1,14796.0,United Kingdom
565682,2023-09-06,22998,Travel Card Wallet Keep Calm,10.68,1,14796.0,United Kingdom
565682,2023-09-06,22553,Plasters In Tin Skulls,11.94,1,14796.0,United Kingdom
565682,2023-09-06,21479,White Skull Hot Water Bottle,14.61,1,14796.0,United Kingdom
565682,2023-09-06,21581,Skulls Design Cotton Tote Bag,12.56,1,14796.0,United Kingdom
565682,2023-09-06,15056P,Edwardian Parasol Pink,16.35,1,14796.0,United Kingdom
565682,2023-09-06,20679,Edwardian Parasol Red,16.35,1,14796.0,United Kingdom
565682,2023-09-06,15056N,Edwardian Parasol Natural,16.35,1,14796.0,United Kingdom
565684,2023-09-06,20972,Pink Cream Felt Craft Trinket Box,11.53,24,16455.0,United Kingdom
565684,2023-09-06,20971,Pink Blue Felt Craft Trinket Box,11.53,24,16455.0,United Kingdom
565684,2023-09-06,23032,Drawer Knob Crackle Glaze Ivory,11.94,6,16455.0,United Kingdom
565684,2023-09-06,23031,Drawer Knob Crackle Glaze Pink,11.94,6,16455.0,United Kingdom
565684,2023-09-06,23029,Drawer Knob Crackle Glaze Green,11.94,6,16455.0,United Kingdom
565684,2023-09-06,23028,Drawer Knob Crackle Glaze Blue,11.94,6,16455.0,United Kingdom
565684,2023-09-06,22805,Blue Drawer Knob Acrylic Edwardian,11.53,12,16455.0,United Kingdom
565684,2023-09-06,22775,Purple Drawerknob Acrylic Edwardian,11.53,12,16455.0,United Kingdom
565684,2023-09-06,22774,Red Drawer Knob Acrylic Edwardian,11.53,12,16455.0,United Kingdom
565684,2023-09-06,22773,Green Drawer Knob Acrylic Edwardian,11.53,12,16455.0,United Kingdom
565684,2023-09-06,22772,Pink Drawer Knob Acrylic Edwardian,11.53,12,16455.0,United Kingdom
565684,2023-09-06,22771,Clear Drawer Knob Acrylic Edwardian,11.53,12,16455.0,United Kingdom
565685,2023-09-06,21181,Please One Person Metal Sign,12.15,96,15671.0,United Kingdom
565685,2023-09-06,85150,Ladies & Gentlemen Metal Sign,12.4,96,15671.0,United Kingdom
565685,2023-09-06,85152,Hand Over The Chocolate Sign,12.15,48,15671.0,United Kingdom
565685,2023-09-06,21166,Cook With Wine Metal Sign,12.15,48,15671.0,United Kingdom
565685,2023-09-06,22595,Gingham Heart Decoration,11.12,24,15671.0,United Kingdom
565685,2023-09-06,22594,Christmas Gingham Tree,11.12,24,15671.0,United Kingdom
565685,2023-09-06,22593,Christmas Gingham Star,11.12,24,15671.0,United Kingdom
565685,2023-09-06,22130,Party Cone Christmas Decoration,11.12,24,15671.0,United Kingdom
565723,2023-09-06,85152,Hand Over The Chocolate Sign,12.4,14,14408.0,United Kingdom
565723,2023-09-06,21166,Cook With Wine Metal Sign,12.15,48,14408.0,United Kingdom
565723,2023-09-06,82582,Area Patrolled Metal Sign,12.4,24,14408.0,United Kingdom
565723,2023-09-06,21181,Please One Person Metal Sign,12.15,72,14408.0,United Kingdom
565724,2023-09-06,22699,Roses Regency Teacup And Saucer,13.27,6,16168.0,United Kingdom
565724,2023-09-06,22697,Green Regency Teacup And Saucer,13.27,6,16168.0,United Kingdom
565724,2023-09-06,22698,Pink Regency Teacup And Saucer,13.27,6,16168.0,United Kingdom
565724,2023-09-06,23047,Paper Lantern 5 Point Sequin Star,16.14,2,16168.0,United Kingdom
565724,2023-09-06,23046,Paper Lantern 9 Point Deluxe Star,17.07,2,16168.0,United Kingdom
565724,2023-09-06,75049L,Large Circular Mirror Mobile,11.12,96,16168.0,United Kingdom
565725,2023-09-06,22998,Travel Card Wallet Keep Calm,10.68,24,13949.0,United Kingdom
565725,2023-09-06,84625A,Pink New Baroquecandlestick Candle,11.12,24,13949.0,United Kingdom
565725,2023-09-06,47503A,Ass Floral Print Multi Screwdriver,10.68,24,13949.0,United Kingdom
565725,2023-09-06,22244,3 Hook Hanger Magic Garden,12.25,12,13949.0,United Kingdom
565725,2023-09-06,22196,Small Heart Measuring Spoons,11.12,12,13949.0,United Kingdom
565725,2023-09-06,22195,Large Heart Measuring Spoons,11.94,12,13949.0,United Kingdom
565725,2023-09-06,21563,Red Heart Shape Love Bucket,13.27,6,13949.0,United Kingdom
565725,2023-09-06,21564,Pink Heart Shape Love Bucket,13.27,6,13949.0,United Kingdom
565725,2023-09-06,22399,Magnets Pack Of 4 Childhood Memory,11.53,12,13949.0,United Kingdom
565725,2023-09-06,22396,Magnets Pack Of 4 Retro Photo,10.65,12,13949.0,United Kingdom
565725,2023-09-06,22398,Magnets Pack Of 4 Swallows,10.65,12,13949.0,United Kingdom
565725,2023-09-06,23155,Knickerbockerglory Magnet Assorted,11.1,12,13949.0,United Kingdom
565725,2023-09-06,23154,Set Of 4 Jam Jar Magnets,12.38,12,13949.0,United Kingdom
565725,2023-09-06,22922,Fridge Magnets Us Diner Assorted,11.12,12,13949.0,United Kingdom
565725,2023-09-06,23159,Set Of 5 Pancake Day Magnets,12.38,12,13949.0,United Kingdom
565725,2023-09-06,16219,House Shape Pencil Sharpener,10.31,48,13949.0,United Kingdom
565725,2023-09-06,21179,No Junk Mail Metal Sign,10.65,24,13949.0,United Kingdom
565725,2023-09-06,21367,Mirrored Wall Art Gents,11.02,12,13949.0,United Kingdom
565725,2023-09-06,21368,Mirrored Wall Art Ladies,11.02,12,13949.0,United Kingdom
565725,2023-09-06,85116,Black Candelabra T-Light Holder,10.92,18,13949.0,United Kingdom
565725,2023-09-06,85212,Mini Painted Garden Decoration,10.55,24,13949.0,United Kingdom
565725,2023-09-06,22139,Retrospot Tea Set Ceramic 11 Pc,15.32,3,13949.0,United Kingdom
565725,2023-09-06,22138,Baking Set 9 Piece Retrospot,15.32,9,13949.0,United Kingdom
565725,2023-09-06,22617,Baking Set Spaceboy Design,15.32,6,13949.0,United Kingdom
565725,2023-09-06,22593,Christmas Gingham Star,11.12,12,13949.0,United Kingdom
565725,2023-09-06,23268,Set Of 2 Ceramic Christmas Reindeer,11.74,12,13949.0,United Kingdom
565725,2023-09-06,22131,Food Container Set 3 Love Heart,12.25,6,13949.0,United Kingdom
565725,2023-09-06,22750,Feltcraft Princess Lola Doll,14.09,4,13949.0,United Kingdom
565725,2023-09-06,21136,Painted Metal Pears Assorted,11.98,8,13949.0,United Kingdom
565725,2023-09-06,84879,Assorted Colour Bird Ornament,11.98,8,13949.0,United Kingdom
565725,2023-09-06,23433,Hanging Quilted Patchwork Apples,11.1,12,13949.0,United Kingdom
565725,2023-09-06,23400,Shelf With 4 Hooks Home Sweet Home,16.66,2,13949.0,United Kingdom
565725,2023-09-06,85015,Set Of 12 Vintage Postcard Set,10.92,24,13949.0,United Kingdom
565725,2023-09-06,23280,Folding Butterfly Mirror Hot Pink,11.1,12,13949.0,United Kingdom
565725,2023-09-06,23000,Travel Card Wallet Transport,10.68,24,13949.0,United Kingdom
565725,2023-09-06,22996,Travel Card Wallet Vintage Ticket,10.68,24,13949.0,United Kingdom
565725,2023-09-06,23004,Travel Card Wallet Pantry,10.68,24,13949.0,United Kingdom
565725,2023-09-06,23206,Lunch Bag Apple Design,5.97,10,13949.0,United Kingdom
565726,2023-09-06,22792,Fluted Antique Candle Holder,11.12,12,14360.0,United Kingdom
565726,2023-09-06,22792,Fluted Antique Candle Holder,11.12,12,14360.0,United Kingdom
565726,2023-09-06,84347,Rotating Silver Angels T-Light Hldr,12.86,12,14360.0,United Kingdom
565726,2023-09-06,23217,Laurel Heart Antique Silver,11.53,12,14360.0,United Kingdom
565726,2023-09-06,23225,Cherub Heart Decoration Silver,11.1,12,14360.0,United Kingdom
565726,2023-09-06,22791,T-Light Glass Fluted Antique,11.53,12,14360.0,United Kingdom
565726,2023-09-06,23221,Reindeer Heart Decoration Silver,11.1,12,14360.0,United Kingdom
565726,2023-09-06,22735,Ribbon Reel Socks And Mittens,11.94,10,14360.0,United Kingdom
565726,2023-09-06,22739,Ribbon Reel Christmas Sock Bauble,11.94,10,14360.0,United Kingdom
565726,2023-09-06,22737,Ribbon Reel Christmas Present,11.94,10,14360.0,United Kingdom
565726,2023-09-06,22736,Ribbon Reel Making Snowmen,11.94,10,14360.0,United Kingdom
565726,2023-09-06,22734,Set Of 6 Ribbons Vintage Christmas,13.21,12,14360.0,United Kingdom
565726,2023-09-06,23353,6 Gift Tags Vintage Christmas,11.1,12,14360.0,United Kingdom
565726,2023-09-06,22950,36 Doilies Vintage Christmas,11.74,12,14360.0,United Kingdom
565726,2023-09-06,22952,60 Cake Cases Vintage Christmas,10.81,24,14360.0,United Kingdom
565726,2023-09-06,23349,Roll Wrap Vintage Christmas,11.53,12,14360.0,United Kingdom
565726,2023-09-06,23340,Vintage Christmas Cake Frill,11.94,12,14360.0,United Kingdom
565726,2023-09-06,22909,Set Of 20 Vintage Christmas Napkins,11.12,12,14360.0,United Kingdom
565726,2023-09-06,23234,Biscuit Tin Vintage Christmas,13.21,6,14360.0,United Kingdom
565726,2023-09-06,22623,Box Of Vintage Jigsaw Blocks,16.35,3,14360.0,United Kingdom
565726,2023-09-06,23188,Vintage 2 Metre Folding Ruler,11.94,12,14360.0,United Kingdom
565726,2023-09-06,22561,Wooden School Colouring Set,11.94,12,14360.0,United Kingdom
565726,2023-09-06,23241,Treasure Tin Gymkhana Design,12.38,6,14360.0,United Kingdom
565726,2023-09-06,23242,Treasure Tin Buffalo Bill,12.38,6,14360.0,United Kingdom
565726,2023-09-06,22355,Charlotte Bag Suki Design,11.12,10,14360.0,United Kingdom
565726,2023-09-06,22411,Jumbo Shopper Vintage Red Paisley,12.38,10,14360.0,United Kingdom
565726,2023-09-06,23287,Red Vintage Spot Beaker,11.12,8,14360.0,United Kingdom
565726,2023-09-06,23286,Blue Vintage Spot Beaker,11.12,8,14360.0,United Kingdom
565726,2023-09-06,23288,Green Vintage Spot Beaker,11.12,8,14360.0,United Kingdom
565726,2023-09-06,23285,Pink Vintage Spot Beaker,11.12,8,14360.0,United Kingdom
565726,2023-09-06,22969,Homemade Jam Scented Candles,11.74,12,14360.0,United Kingdom
565726,2023-09-06,22654,Deluxe Sewing Kit,16.35,3,14360.0,United Kingdom
565726,2023-09-06,85178,Victorian Sewing Kit,11.53,12,14360.0,United Kingdom
565726,2023-09-06,22651,Gentleman Shirt Repair Kit,11.12,12,14360.0,United Kingdom
565726,2023-09-06,84879,Assorted Colour Bird Ornament,11.98,8,14360.0,United Kingdom
565726,2023-09-06,22698,Pink Regency Teacup And Saucer,13.27,6,14360.0,United Kingdom
565726,2023-09-06,22699,Roses Regency Teacup And Saucer,13.27,6,14360.0,United Kingdom
565726,2023-09-06,22697,Green Regency Teacup And Saucer,13.27,6,14360.0,United Kingdom
565726,2023-09-06,23174,Regency Sugar Bowl Green,14.5,4,14360.0,United Kingdom
565726,2023-09-06,23170,Regency Tea Plate Roses,11.94,12,14360.0,United Kingdom
565726,2023-09-06,23171,Regency Tea Plate Green,11.94,12,14360.0,United Kingdom
565726,2023-09-06,23172,Regency Tea Plate Pink,11.94,12,14360.0,United Kingdom
565726,2023-09-06,23162,Regency Tea Strainer,14.09,4,14360.0,United Kingdom
565726,2023-09-06,23245,Set Of 3 Regency Cake Tins,15.32,4,14360.0,United Kingdom
565726,2023-09-06,23356,Love Hot Water Bottle,16.35,3,14360.0,United Kingdom
565726,2023-09-06,22112,Chocolate Hot Water Bottle,15.32,3,14360.0,United Kingdom
565726,2023-09-06,22835,Hot Water Bottle I Am So Poorly,15.02,4,14360.0,United Kingdom
565726,2023-09-06,22113,Grey Heart Hot Water Bottle,14.09,4,14360.0,United Kingdom
565726,2023-09-06,82600,N0 Singing Metal Sign,12.4,12,14360.0,United Kingdom
565726,2023-09-06,21181,Please One Person Metal Sign,12.4,12,14360.0,United Kingdom
565726,2023-09-06,21175,Gin And Tonic Diet Metal Sign,12.86,12,14360.0,United Kingdom
565726,2023-09-06,21169,You're Confusing Me Metal Sign,11.98,12,14360.0,United Kingdom
565726,2023-09-06,22818,Card Christmas Village,10.68,12,14360.0,United Kingdom
565726,2023-09-06,22959,Wrap Christmas Village,10.68,25,14360.0,United Kingdom
565726,2023-09-06,23232,Wrap Vintage Leaf Design,10.68,25,14360.0,United Kingdom
565726,2023-09-06,22047,Empire Gift Wrap,10.68,25,14360.0,United Kingdom
565726,2023-09-06,21497,Fancy Fonts Birthday Wrap,10.68,25,14360.0,United Kingdom
565726,2023-09-06,22983,Card Billboard Font,10.68,12,14360.0,United Kingdom
565726,2023-09-06,22030,Swallows Greeting Card,10.68,12,14360.0,United Kingdom
565726,2023-09-06,22712,Card Dolly Girl,10.68,12,14360.0,United Kingdom
565726,2023-09-06,22029,Spaceboy Birthday Card,10.68,12,14360.0,United Kingdom
565726,2023-09-06,22026,Banquet Birthday Card,10.68,12,14360.0,United Kingdom
565726,2023-09-06,22715,Card Wedding Day,10.68,12,14360.0,United Kingdom
565726,2023-09-06,23313,Vintage Christmas Bunting,15.32,10,14360.0,United Kingdom
565726,2023-09-06,23202,Jumbo Bag Vintage Leaf,6.19,10,14360.0,United Kingdom
565726,2023-09-06,23208,Lunch Bag Vintage Leaf Design,5.97,10,14360.0,United Kingdom
565726,2023-09-06,23207,Lunch Bag Alphabet Design,5.97,10,14360.0,United Kingdom
565726,2023-09-06,23373,Vintage Christmas Paper Gift Bag,5.55,10,14360.0,United Kingdom
565726,2023-09-06,23436,Vintage Christmas Gift Bag Large,5.77,12,14360.0,United Kingdom
565727,2023-09-06,22727,Alarm Clock Bakelike Red,14.09,4,13158.0,United Kingdom
565727,2023-09-06,22467,Gumball Coat Rack,12.86,6,13158.0,United Kingdom
565727,2023-09-06,15036,Assorted Colours Silk Fan,11.1,12,13158.0,United Kingdom
565727,2023-09-06,15034,Paper Pocket Traveling Fan,10.39,24,13158.0,United Kingdom
565727,2023-09-06,22326,Round Snack Boxes Set Of4 Woodland,13.27,6,13158.0,United Kingdom
565727,2023-09-06,22327,Round Snack Boxes Set Of 4 Skulls,13.27,6,13158.0,United Kingdom
565727,2023-09-06,22328,Round Snack Boxes Set Of 4 Fruits,13.27,12,13158.0,United Kingdom
565727,2023-09-06,23313,Vintage Christmas Bunting,15.32,5,13158.0,United Kingdom
565727,2023-09-06,23433,Hanging Quilted Patchwork Apples,11.1,12,13158.0,United Kingdom
565727,2023-09-06,22909,Set Of 20 Vintage Christmas Napkins,11.12,12,13158.0,United Kingdom
565727,2023-09-06,22197,Popcorn Holder,11.12,12,13158.0,United Kingdom
565727,2023-09-06,20961,Strawberry Bath Sponge,11.53,10,13158.0,United Kingdom
565727,2023-09-06,20963,Apple Bath Sponge,11.53,10,13158.0,United Kingdom
565727,2023-09-06,21918,Set 12 Kids Colour Chalk Sticks,10.68,24,13158.0,United Kingdom
565727,2023-09-06,84920,Pink Flower Fabric Pony,14.09,4,13158.0,United Kingdom
565727,2023-09-06,23348,Childrens Toy Cooking Utensil Set,12.38,6,13158.0,United Kingdom
565727,2023-09-06,21703,Bag 125g Swirly Marbles,10.68,12,13158.0,United Kingdom
565727,2023-09-06,22418,10 Colour Spaceboy Pen,11.12,24,13158.0,United Kingdom
565727,2023-09-06,51014L,Feather Pen Light Pink,10.65,24,13158.0,United Kingdom
565727,2023-09-06,22382,Lunch Bag Spaceboy Design,5.97,10,13158.0,United Kingdom
565727,2023-09-06,20727,Lunch Bag Black Skull,5.97,10,13158.0,United Kingdom
565727,2023-09-06,22384,Lunch Bag Pink Polkadot,5.97,10,13158.0,United Kingdom
565727,2023-09-06,23208,Lunch Bag Vintage Leaf Design,5.97,10,13158.0,United Kingdom
565728,2023-09-06,22952,60 Cake Cases Vintage Christmas,10.81,24,17716.0,United Kingdom
565728,2023-09-06,23100,Silver Bells Table Decoration,11.53,12,17716.0,United Kingdom
565728,2023-09-06,22086,Paper Chain Kit 50'S Christmas,13.27,24,17716.0,United Kingdom
565728,2023-09-06,22910,Paper Chain Kit Vintage Christmas,13.27,24,17716.0,United Kingdom
565728,2023-09-06,22694,Wicker Star,12.4,6,17716.0,United Kingdom
565728,2023-09-06,22766,Photo Frame Cornice,13.27,8,17716.0,United Kingdom
565728,2023-09-06,22469,Heart Of Wicker Small,11.94,12,17716.0,United Kingdom
565728,2023-09-06,85123A,Cream Hanging Heart T-Light Holder,12.86,32,17716.0,United Kingdom
565728,2023-09-06,21670,Blue Spot Ceramic Drawer Knob,11.74,12,17716.0,United Kingdom
565728,2023-09-06,21213,Pack Of 72 Skull Cake Cases,10.81,24,17716.0,United Kingdom
565728,2023-09-06,22085,Paper Chain Kit Skulls,13.27,6,17716.0,United Kingdom
565728,2023-09-06,22437,Set Of 9 Black Skull Balloons,11.12,20,17716.0,United Kingdom
565728,2023-09-06,22083,Paper Chain Kit Retrospot,12.86,40,17716.0,United Kingdom
565728,2023-09-06,22774,Red Drawer Knob Acrylic Edwardian,11.53,24,17716.0,United Kingdom
565728,2023-09-06,22773,Green Drawer Knob Acrylic Edwardian,11.53,12,17716.0,United Kingdom
565728,2023-09-06,22772,Pink Drawer Knob Acrylic Edwardian,11.53,12,17716.0,United Kingdom
565728,2023-09-06,22771,Clear Drawer Knob Acrylic Edwardian,11.53,12,17716.0,United Kingdom
565729,2023-09-06,21181,Please One Person Metal Sign,12.4,12,17716.0,United Kingdom
565730,2023-09-06,82551,Laundry 15c Metal Sign,11.74,6,14715.0,United Kingdom
565730,2023-09-06,82552,Washroom Metal Sign,11.74,6,14715.0,United Kingdom
565730,2023-09-06,23426,Metal Sign Drop Your Pants,13.21,2,14715.0,United Kingdom
565730,2023-09-06,22413,Metal Sign Take It Or Leave It,13.27,2,14715.0,United Kingdom
565730,2023-09-06,21908,Chocolate This Way Metal Sign,12.4,2,14715.0,United Kingdom
565730,2023-09-06,22412,Metal Sign Neighbourhood Witch,12.4,1,14715.0,United Kingdom
565730,2023-09-06,82600,N0 Singing Metal Sign,12.4,2,14715.0,United Kingdom
565730,2023-09-06,82583,Hot Baths Metal Sign,12.4,2,14715.0,United Kingdom
565730,2023-09-06,21985,Pack Of 12 Hearts Design Tissues,10.65,12,14715.0,United Kingdom
565730,2023-09-06,23298,Spotty Bunting,15.32,2,14715.0,United Kingdom
565730,2023-09-06,23332,Ivory Wicker Heart Large,11.94,10,14715.0,United Kingdom
565730,2023-09-06,23329,Decorative Wicker Heart Large,11.94,8,14715.0,United Kingdom
565730,2023-09-06,21644,Assorted Tutti Frutti Heart Box,11.53,6,14715.0,United Kingdom
565730,2023-09-06,21917,Set 12 Kids White Chalk Sticks,10.68,6,14715.0,United Kingdom
565730,2023-09-06,75049L,Large Circular Mirror Mobile,11.53,54,14715.0,United Kingdom
565730,2023-09-06,23412,Heart Mirror Antique White,17.94,4,14715.0,United Kingdom
565730,2023-09-06,82484,Wood Black Board Ant White Finish,18.4,2,14715.0,United Kingdom
565730,2023-09-06,22971,Queens Guard Coffee Mug,12.86,6,14715.0,United Kingdom
565730,2023-09-06,22766,Photo Frame Cornice,13.27,4,14715.0,United Kingdom
565730,2023-09-06,71053,White Moroccan Metal Lantern,14.09,6,14715.0,United Kingdom
565730,2023-09-06,22756,Large Yellow Babushka Notebook,11.53,2,14715.0,United Kingdom
565730,2023-09-06,22758,Large Purple Babushka Notebook,11.53,2,14715.0,United Kingdom
565730,2023-09-06,21683,Medium Medina Stamped Metal Bowl,13.27,4,14715.0,United Kingdom
565730,2023-09-06,21463,Mirrored Disco Ball,16.35,2,14715.0,United Kingdom
565730,2023-09-06,84356,Pompom Curtain,17.37,6,14715.0,United Kingdom
565730,2023-09-06,21872,Glamorous Mug,11.53,6,14715.0,United Kingdom
565730,2023-09-06,23203,Jumbo Bag Vintage Doily,6.19,4,14715.0,United Kingdom
565731,2023-09-06,23075,Parlour Ceramic Wall Hook,14.5,4,17716.0,United Kingdom
565731,2023-09-06,23153,Zinc Sweetheart Wire Letter Rack,14.09,4,17716.0,United Kingdom
565731,2023-09-06,23152,Ivory Sweetheart Wire Letter Rack,14.09,4,17716.0,United Kingdom
565731,2023-09-06,23250,Vintage Red Trim Enamel Bowl,11.53,12,17716.0,United Kingdom
565731,2023-09-06,23249,Vintage Red Enamel Trim Plate,11.94,12,17716.0,United Kingdom
565731,2023-09-06,23252,Vintage Red Enamel Trim Jug,14.09,4,17716.0,United Kingdom
565731,2023-09-06,23288,Green Vintage Spot Beaker,11.12,8,17716.0,United Kingdom
565731,2023-09-06,23287,Red Vintage Spot Beaker,11.12,8,17716.0,United Kingdom
565731,2023-09-06,22988,Soldiers Egg Cup,11.53,12,17716.0,United Kingdom
565732,2023-09-06,22381,Toy Tidy Pink Polkadot,12.4,10,17068.0,United Kingdom
565732,2023-09-06,22379,Recycling Bag Retrospot,12.4,10,17068.0,United Kingdom
565732,2023-09-06,20717,Strawberry Shopper Bag,11.53,10,17068.0,United Kingdom
565732,2023-09-06,20718,Red Retrospot Shopper Bag,11.53,10,17068.0,United Kingdom
565732,2023-09-06,22386,Jumbo Bag Pink Polkadot,6.19,10,17068.0,United Kingdom
565732,2023-09-06,23199,Jumbo Bag Apples,6.19,10,17068.0,United Kingdom
565732,2023-09-06,23202,Jumbo Bag Vintage Leaf,6.19,10,17068.0,United Kingdom
565732,2023-09-06,23203,Jumbo Bag Vintage Doily,6.19,10,17068.0,United Kingdom
565732,2023-09-06,85099B,Jumbo Bag Red Retrospot,6.19,10,17068.0,United Kingdom
565732,2023-09-06,23201,Jumbo Bag Alphabet,6.19,10,17068.0,United Kingdom
565732,2023-09-06,20725,Lunch Bag Red Retrospot,5.97,10,17068.0,United Kingdom
565732,2023-09-06,22384,Lunch Bag Pink Polkadot,5.97,10,17068.0,United Kingdom
565732,2023-09-06,20728,Lunch Bag Cars Blue,5.97,10,17068.0,United Kingdom
565732,2023-09-06,20727,Lunch Bag Black Skull,5.97,10,17068.0,United Kingdom
565733,2023-09-06,23328,Set 6 School Milk Bottles In Crate,14.09,4,16359.0,United Kingdom
565733,2023-09-06,84836,Zinc Metal Heart Decoration,11.53,72,16359.0,United Kingdom
565734,2023-09-06,23396,Le Jardin Botanique Cushion Cover,14.09,3,17191.0,United Kingdom
565734,2023-09-06,23394,Poste France Cushion Cover,14.09,3,17191.0,United Kingdom
565734,2023-09-06,23028,Drawer Knob Crackle Glaze Blue,11.94,12,17191.0,United Kingdom
565734,2023-09-06,82552,Washroom Metal Sign,11.74,1,17191.0,United Kingdom
565734,2023-09-06,21034,Rex Cash+Carry Jumbo Shopper,11.22,5,17191.0,United Kingdom
565734,2023-09-06,22773,Green Drawer Knob Acrylic Edwardian,11.53,48,17191.0,United Kingdom
565734,2023-09-06,22771,Clear Drawer Knob Acrylic Edwardian,11.53,24,17191.0,United Kingdom
565734,2023-09-06,22500,Set Of 2 Tins Jardin De Provence,15.32,2,17191.0,United Kingdom
565734,2023-09-06,22496,Set Of 2 Round Tins Dutch Cheese,13.27,1,17191.0,United Kingdom
565734,2023-09-06,21174,Pottering In The Shed Metal Sign,12.38,1,17191.0,United Kingdom
565734,2023-09-06,21903,Man Flu Metal Sign,12.4,1,17191.0,United Kingdom
565734,2023-09-06,22557,Plasters In Tin Vintage Paisley,11.94,1,17191.0,United Kingdom
565734,2023-09-06,22659,Lunch Box I Love London,12.25,2,17191.0,United Kingdom
565734,2023-09-06,22993,Set Of 4 Pantry Jelly Moulds,11.53,8,17191.0,United Kingdom
565734,2023-09-06,22429,Enamel Measuring Jug Cream,14.61,2,17191.0,United Kingdom
565734,2023-09-06,79066K,Retro Mod Tray,11.12,2,17191.0,United Kingdom
565734,2023-09-06,35095B,Red Victorian Fabric Oval Box,10.68,3,17191.0,United Kingdom
565734,2023-09-06,35095A,Blue Victorian Fabric Oval Box,10.68,3,17191.0,United Kingdom
565734,2023-09-06,23191,Bundle Of 3 Retro Note Books,11.94,1,17191.0,United Kingdom
565734,2023-09-06,82552,Washroom Metal Sign,11.74,1,17191.0,United Kingdom
565734,2023-09-06,21896,Potting Shed Twine,12.4,1,17191.0,United Kingdom
565734,2023-09-06,23425,Storage Tin Home Sweet Home,12.8,3,17191.0,United Kingdom
565734,2023-09-06,22219,Lovebird Hanging Decoration White,11.12,9,17191.0,United Kingdom
565734,2023-09-06,23399,Home Sweet Home Hanging Heart,11.12,6,17191.0,United Kingdom
565734,2023-09-06,23241,Treasure Tin Gymkhana Design,12.38,6,17191.0,United Kingdom
565734,2023-09-06,23151,Zinc Sweetheart Soap Dish,12.8,2,17191.0,United Kingdom
565734,2023-09-06,23150,Ivory Sweetheart Soap Dish,12.8,2,17191.0,United Kingdom
565734,2023-09-06,22095,Lads Only Tissue Box,10.65,6,17191.0,United Kingdom
565734,2023-09-06,84406B,Cream Cupid Hearts Coat Hanger,14.5,8,17191.0,United Kingdom
565734,2023-09-06,22093,Motoring Tissue Box,10.65,14,17191.0,United Kingdom
565734,2023-09-06,23243,Set Of Tea Coffee Sugar Tins Pantry,15.32,2,17191.0,United Kingdom
565734,2023-09-06,22098,Boudoir Square Tissue Box,10.65,18,17191.0,United Kingdom
565734,2023-09-06,22795,Sweetheart Recipe Book Stand,17.17,2,17191.0,United Kingdom
565734,2023-09-06,22912,Yellow Coat Rack Paris Fashion,15.32,3,17191.0,United Kingdom
565734,2023-09-06,22173,Metal 4 Hook Hanger French Chateau,13.62,8,17191.0,United Kingdom
565734,2023-09-06,23146,Triple Hook Antique Ivory Rose,13.62,4,17191.0,United Kingdom
565736,2023-09-06,22151,Place Setting White Heart,10.62,432,13784.0,United Kingdom
565737,2023-09-06,23275,Set Of 3 Hanging Owls Ollie Beak,11.53,12,16400.0,United Kingdom
565737,2023-09-06,22567,20 Dolly Pegs Retrospot,11.74,2,16400.0,United Kingdom
565737,2023-09-06,23333,Ivory Wicker Heart Medium,11.53,24,16400.0,United Kingdom
565737,2023-09-06,22142,Christmas Craft White Fairy,11.74,4,16400.0,United Kingdom
565737,2023-09-06,22144,Christmas Craft Little Friends,12.4,1,16400.0,United Kingdom
565737,2023-09-06,22141,Christmas Craft Tree Top Angel,12.4,1,16400.0,United Kingdom
565737,2023-09-06,22633,Hand Warmer Union Jack,12.4,1,16400.0,United Kingdom
565737,2023-09-06,22866,Hand Warmer Scotty Dog Design,12.4,5,16400.0,United Kingdom
565737,2023-09-06,22865,Hand Warmer Owl Design,12.4,3,16400.0,United Kingdom
565737,2023-09-06,22632,Hand Warmer Red Retrospot,12.4,2,16400.0,United Kingdom
565737,2023-09-06,22794,Sweetheart Wire Magazine Rack,18.4,2,16400.0,United Kingdom
565737,2023-09-06,22952,60 Cake Cases Vintage Christmas,10.81,24,16400.0,United Kingdom
565737,2023-09-06,22734,Set Of 6 Ribbons Vintage Christmas,13.21,12,16400.0,United Kingdom
565737,2023-09-06,23322,Large White Heart Of Wicker,13.27,1,16400.0,United Kingdom
565737,2023-09-06,23340,Vintage Christmas Cake Frill,11.94,6,16400.0,United Kingdom
565737,2023-09-06,22567,20 Dolly Pegs Retrospot,11.74,1,16400.0,United Kingdom
565737,2023-09-06,22940,Feltcraft Christmas Fairy,14.61,3,16400.0,United Kingdom
565737,2023-09-06,23157,Set Of 6 Nativity Magnets,12.38,12,16400.0,United Kingdom
565737,2023-09-06,23356,Love Hot Water Bottle,16.35,1,16400.0,United Kingdom
565737,2023-09-06,22112,Chocolate Hot Water Bottle,15.32,1,16400.0,United Kingdom
565737,2023-09-06,22111,Scottie Dog Hot Water Bottle,15.32,2,16400.0,United Kingdom
565737,2023-09-06,22950,36 Doilies Vintage Christmas,11.74,5,16400.0,United Kingdom
565737,2023-09-06,22909,Set Of 20 Vintage Christmas Napkins,11.12,8,16400.0,United Kingdom
565737,2023-09-06,22269,Egg Cup Natural Chicken,10.65,16,16400.0,United Kingdom
565737,2023-09-06,21584,Retrospot Small Tube Matches,11.94,1,16400.0,United Kingdom
565737,2023-09-06,23323,White Wicker Star,12.4,10,16400.0,United Kingdom
565737,2023-09-06,22645,Ceramic Heart Fairy Cake Money Bank,11.74,8,16400.0,United Kingdom
565737,2023-09-06,22138,Baking Set 9 Piece Retrospot,15.32,3,16400.0,United Kingdom
565738,2023-09-06,22377,Bottle Bag Retrospot,12.4,20,14667.0,United Kingdom
565738,2023-09-06,85049E,Scandinavian Reds Ribbons,11.53,6,14667.0,United Kingdom
565738,2023-09-06,22077,6 Ribbons Rustic Charm,12.25,6,14667.0,United Kingdom
565738,2023-09-06,85049F,Baby Boom Ribbons,11.53,6,14667.0,United Kingdom
565738,2023-09-06,22349,Dog Bowl Chasing Ball Design,14.09,6,14667.0,United Kingdom
565738,2023-09-06,22350,Illustrated Cat Bowl,12.86,6,14667.0,United Kingdom
565738,2023-09-06,20713,Jumbo Bag Owls,6.19,30,14667.0,United Kingdom
565738,2023-09-06,21928,Jumbo Bag Scandinavian Blue Paisley,6.19,10,14667.0,United Kingdom
565738,2023-09-06,85099B,Jumbo Bag Red Retrospot,6.19,50,14667.0,United Kingdom
565738,2023-09-06,22663,Jumbo Bag Dolly Girl Design,6.19,20,14667.0,United Kingdom
565738,2023-09-06,85099F,Jumbo Bag Strawberry,6.19,10,14667.0,United Kingdom
565738,2023-09-06,23202,Jumbo Bag Vintage Leaf,6.19,15,14667.0,United Kingdom
565738,2023-09-06,22385,Jumbo Bag Spaceboy Design,6.19,20,14667.0,United Kingdom
565738,2023-09-06,23201,Jumbo Bag Alphabet,6.19,30,14667.0,United Kingdom
565738,2023-09-06,20725,Lunch Bag Red Retrospot,5.97,10,14667.0,United Kingdom
565738,2023-09-06,20728,Lunch Bag Cars Blue,5.97,10,14667.0,United Kingdom
565738,2023-09-06,22384,Lunch Bag Pink Polkadot,5.97,10,14667.0,United Kingdom
565738,2023-09-06,23207,Lunch Bag Alphabet Design,5.97,10,14667.0,United Kingdom
565740,2023-09-06,23316,Red Refectory Clock,18.6,12,15189.0,United Kingdom
565740,2023-09-06,23317,Blue Refectory Clock,18.6,12,15189.0,United Kingdom
565740,2023-09-06,84946,Antique Silver T-Light Glass,11.34,72,15189.0,United Kingdom
565740,2023-09-06,22178,Victorian Glass Hanging T-Light,11.94,96,15189.0,United Kingdom
565741,2023-09-06,71459,Hanging Jam Jar T-Light Holders,10.99,96,15189.0,United Kingdom
565741,2023-09-06,47566,Party Bunting,14.5,50,15189.0,United Kingdom
565741,2023-09-06,85053,French Enamel Candleholder,12.4,6,15189.0,United Kingdom
565741,2023-09-06,22427,Enamel Flower Jug Cream,15.84,12,15189.0,United Kingdom
565747,2023-09-06,23356,Love Hot Water Bottle,16.35,3,14239.0,United Kingdom
565747,2023-09-06,23355,Hot Water Bottle Keep Calm,15.32,16,14239.0,United Kingdom
565747,2023-09-06,22114,Hot Water Bottle Tea And Sympathy,14.61,12,14239.0,United Kingdom
565747,2023-09-06,84029G,Knitted Union Flag Hot Water Bottle,14.61,8,14239.0,United Kingdom
565747,2023-09-06,22633,Hand Warmer Union Jack,12.4,12,14239.0,United Kingdom
565747,2023-09-06,22867,Hand Warmer Bird Design,12.4,12,14239.0,United Kingdom
565747,2023-09-06,22411,Jumbo Shopper Vintage Red Paisley,12.38,10,14239.0,United Kingdom
565747,2023-09-06,85099F,Jumbo Bag Strawberry,6.19,10,14239.0,United Kingdom
565747,2023-09-06,23203,Jumbo Bag Vintage Doily,6.19,10,14239.0,United Kingdom
565747,2023-09-06,23202,Jumbo Bag Vintage Leaf,6.19,10,14239.0,United Kingdom
565748,2023-09-06,22191,Ivory Diner Wall Clock,18.96,4,14156.0,EIRE
565748,2023-09-06,22193,Red Diner Wall Clock,18.96,4,14156.0,EIRE
565748,2023-09-06,23340,Vintage Christmas Cake Frill,11.94,12,14156.0,EIRE
565748,2023-09-06,22739,Ribbon Reel Christmas Sock Bauble,11.94,10,14156.0,EIRE
565748,2023-09-06,22737,Ribbon Reel Christmas Present,11.94,10,14156.0,EIRE
565748,2023-09-06,85048,15cm Christmas Glass Ball 20 Lights,17.37,24,14156.0,EIRE
565748,2023-09-06,35970,Zinc Folkart Sleigh Bells,11.98,48,14156.0,EIRE
565748,2023-09-06,23351,Roll Wrap 50'S Christmas,11.53,24,14156.0,EIRE
565748,2023-09-06,23350,Roll Wrap Vintage Spot,11.53,24,14156.0,EIRE
565748,2023-09-06,23322,Large White Heart Of Wicker,13.27,12,14156.0,EIRE
565748,2023-09-06,23173,Regency Teapot Roses,18.6,24,14156.0,EIRE
565748,2023-09-06,23174,Regency Sugar Bowl Green,14.09,24,14156.0,EIRE
565748,2023-09-06,23245,Set Of 3 Regency Cake Tins,14.5,16,14156.0,EIRE
565748,2023-09-06,23163,Regency Sugar Tongs,12.8,8,14156.0,EIRE
565748,2023-09-06,23170,Regency Tea Plate Roses,11.74,48,14156.0,EIRE
565748,2023-09-06,23171,Regency Tea Plate Green,11.74,48,14156.0,EIRE
565748,2023-09-06,23172,Regency Tea Plate Pink,11.74,48,14156.0,EIRE
565748,2023-09-06,22697,Green Regency Teacup And Saucer,12.86,24,14156.0,EIRE
565748,2023-09-06,22699,Roses Regency Teacup And Saucer,12.86,24,14156.0,EIRE
565748,2023-09-06,22698,Pink Regency Teacup And Saucer,12.86,24,14156.0,EIRE
565748,2023-09-06,23360,Set 8 Candles Vintage Doily,11.94,72,14156.0,EIRE
565748,2023-09-06,84832,Zinc Willie Winkie Candle Stick,11.12,24,14156.0,EIRE
565748,2023-09-06,23294,Set Of 6 Snack Loaf Baking Cases,11.1,16,14156.0,EIRE
565748,2023-09-06,23295,Set Of 12 Mini Loaf Baking Cases,11.1,24,14156.0,EIRE
565748,2023-09-06,23133,Large Ivory Heart Wall Organiser,17.48,16,14156.0,EIRE
565748,2023-09-06,23397,Foot Stool Home Sweet Home,18.6,16,14156.0,EIRE
565748,2023-09-06,84879,Assorted Colour Bird Ornament,11.98,48,14156.0,EIRE
565748,2023-09-06,22171,3 Hook Photo Shelf Antique White,18.09,12,14156.0,EIRE
565748,2023-09-06,21754,Home Building Block Word,15.84,18,14156.0,EIRE
565748,2023-09-06,22169,Family Album White Picture Frame,18.09,8,14156.0,EIRE
565748,2023-09-06,21755,Love Building Block Word,15.84,18,14156.0,EIRE
565748,2023-09-06,23093,Small Parisienne Heart Photo Frame,12.38,48,14156.0,EIRE
565748,2023-09-06,23411,Trellis Coat Rack,15.32,6,14156.0,EIRE
565748,2023-09-06,23112,Parisienne Curio Cabinet,17.07,12,14156.0,EIRE
565748,2023-09-06,22429,Enamel Measuring Jug Cream,14.61,12,14156.0,EIRE
565748,2023-09-06,22427,Enamel Flower Jug Cream,15.84,12,14156.0,EIRE
565748,2023-09-06,85053,French Enamel Candleholder,12.4,12,14156.0,EIRE
565748,2023-09-06,22425,Enamel Colander Cream,14.61,16,14156.0,EIRE
565748,2023-09-06,85123A,Cream Hanging Heart T-Light Holder,13.27,24,14156.0,EIRE
565748,2023-09-06,22624,Ivory Kitchen Scales,18.09,12,14156.0,EIRE
565748,2023-09-06,22625,Red Kitchen Scales,18.09,12,14156.0,EIRE
565748,2023-09-06,23169,Classic Glass Cookie Jar,14.09,18,14156.0,EIRE
565748,2023-09-06,23165,Large Ceramic Top Storage Jar,11.74,48,14156.0,EIRE
565748,2023-09-06,23324,Rustic Strawberry Jam Pot Large,12.38,24,14156.0,EIRE
565748,2023-09-06,23178,Jam Clock Magnet,13.21,12,14156.0,EIRE
565748,2023-09-06,22561,Wooden School Colouring Set,11.94,24,14156.0,EIRE
565748,2023-09-06,22623,Box Of Vintage Jigsaw Blocks,16.35,9,14156.0,EIRE
565748,2023-09-06,23188,Vintage 2 Metre Folding Ruler,11.94,12,14156.0,EIRE
565748,2023-09-06,22940,Feltcraft Christmas Fairy,14.61,12,14156.0,EIRE
565748,2023-09-06,23126,Feltcraft Girl Amelie Kit,15.32,12,14156.0,EIRE
565748,2023-09-06,22569,Feltcraft Cushion Butterfly,14.09,8,14156.0,EIRE
565748,2023-09-06,22568,Feltcraft Cushion Owl,14.09,8,14156.0,EIRE
565749,2023-09-06,23132,Small Ivory Heart Wall Organiser,15.32,12,14156.0,EIRE
565749,2023-09-06,23243,Set Of Tea Coffee Sugar Tins Pantry,15.32,8,14156.0,EIRE
565749,2023-09-06,23198,Pantry Magnetic Shopping List,11.53,48,14156.0,EIRE
565749,2023-09-06,23166,Medium Ceramic Top Storage Jar,11.32,48,14156.0,EIRE
565749,2023-09-06,23167,Small Ceramic Top Storage Jar,11.1,24,14156.0,EIRE
565750,2023-09-06,16169E,Wrap 50'S Christmas,10.68,25,14208.0,United Kingdom
565750,2023-09-06,82486,3 Drawer Antique White Wood Cabinet,19.42,2,14208.0,United Kingdom
565750,2023-09-06,22942,Christmas Lights 10 Santas,18.96,2,14208.0,United Kingdom
565750,2023-09-06,21136,Painted Metal Pears Assorted,11.98,8,14208.0,United Kingdom
565750,2023-09-06,84879,Assorted Colour Bird Ornament,11.98,8,14208.0,United Kingdom
565750,2023-09-06,21498,Red Retrospot Wrap,10.68,25,14208.0,United Kingdom
565750,2023-09-06,22961,Jam Making Set Printed,11.74,12,14208.0,United Kingdom
565750,2023-09-06,21615,4 Lavender Botanical Dinner Candles,14.09,6,14208.0,United Kingdom
565750,2023-09-06,21212,Pack Of 72 Retrospot Cake Cases,10.81,24,14208.0,United Kingdom
565750,2023-09-06,23016,Glass Twist Bon Bon Jar,18.3,2,14208.0,United Kingdom
565751,2023-09-06,22411,Jumbo Shopper Vintage Red Paisley,12.38,4,16393.0,United Kingdom
565751,2023-09-06,21931,Jumbo Storage Bag Suki,12.38,4,16393.0,United Kingdom
565751,2023-09-06,23241,Treasure Tin Gymkhana Design,12.38,6,16393.0,United Kingdom
565751,2023-09-06,23238,Set Of 4 Knick Knack Tins London,14.5,6,16393.0,United Kingdom
565751,2023-09-06,22892,Set Of Salt And Pepper Toadstools,11.53,6,16393.0,United Kingdom
565751,2023-09-06,22902,Tote Bag I Love London,12.4,3,16393.0,United Kingdom
565751,2023-09-06,22900,Set 2 Tea Towels I Love London,13.58,10,16393.0,United Kingdom
565751,2023-09-06,21577,Save The Planet Cotton Tote Bag,12.56,2,16393.0,United Kingdom
565751,2023-09-06,22374,Airline Bag Vintage Jet Set Red,14.61,1,16393.0,United Kingdom
565751,2023-09-06,22371,Airline Bag Vintage Tokyo 78,14.61,4,16393.0,United Kingdom
565751,2023-09-06,21034,Rex Cash+Carry Jumbo Shopper,11.22,2,16393.0,United Kingdom
565751,2023-09-06,84247K,Folk Art Greeting Card Pack/12,13.27,1,16393.0,United Kingdom
565751,2023-09-06,22631,Circus Parade Lunch Box,12.25,4,16393.0,United Kingdom
565751,2023-09-06,22630,Dolly Girl Lunch Box,12.25,2,16393.0,United Kingdom
565751,2023-09-06,22629,Spaceboy Lunch Box,12.25,4,16393.0,United Kingdom
565751,2023-09-06,22659,Lunch Box I Love London,12.25,4,16393.0,United Kingdom
565751,2023-09-06,23203,Jumbo Bag Vintage Doily,6.19,10,16393.0,United Kingdom
565751,2023-09-06,85099C,Jumbo Bag Baroque Black White,6.19,2,16393.0,United Kingdom
565751,2023-09-06,22386,Jumbo Bag Pink Polkadot,6.19,1,16393.0,United Kingdom
565751,2023-09-06,22385,Jumbo Bag Spaceboy Design,6.19,2,16393.0,United Kingdom
565751,2023-09-06,21928,Jumbo Bag Scandinavian Blue Paisley,6.19,4,16393.0,United Kingdom
565751,2023-09-06,85099B,Jumbo Bag Red Retrospot,6.19,2,16393.0,United Kingdom
565751,2023-09-06,23202,Jumbo Bag Vintage Leaf,6.19,4,16393.0,United Kingdom
565751,2023-09-06,23199,Jumbo Bag Apples,6.19,9,16393.0,United Kingdom
565751,2023-09-06,22383,Lunch Bag Suki Design,5.97,2,16393.0,United Kingdom
565751,2023-09-06,22384,Lunch Bag Pink Polkadot,5.97,2,16393.0,United Kingdom
565751,2023-09-06,20725,Lunch Bag Red Retrospot,5.97,5,16393.0,United Kingdom
565751,2023-09-06,23209,Lunch Bag Vintage Doily,5.97,9,16393.0,United Kingdom
565753,2023-09-06,48138,Doormat Union Flag,18.71,6,13538.0,United Kingdom
565753,2023-09-06,21523,Doormat Fancy Font Home Sweet Home,18.71,6,13538.0,United Kingdom
565754,2023-09-06,21731,Red Toadstool Led Night Light,11.94,12,15462.0,United Kingdom
565754,2023-09-06,21668,Red Stripe Ceramic Drawer Knob,11.53,12,15462.0,United Kingdom
565754,2023-09-06,21669,Blue Stripe Ceramic Drawer Knob,11.53,12,15462.0,United Kingdom
565754,2023-09-06,21232,Strawberry Ceramic Trinket Pot,11.53,12,15462.0,United Kingdom
565755,2023-09-06,22900,Set 2 Tea Towels I Love London,13.58,2,14755.0,United Kingdom
565756,2023-09-06,22412,Metal Sign Neighbourhood Witch,12.4,24,18230.0,United Kingdom
565756,2023-09-06,21463,Mirrored Disco Ball,16.35,12,18230.0,United Kingdom
565756,2023-09-06,21174,Pottering In The Shed Metal Sign,12.38,24,18230.0,United Kingdom
565756,2023-09-06,21169,You're Confusing Me Metal Sign,11.98,36,18230.0,United Kingdom
565756,2023-09-06,85152,Hand Over The Chocolate Sign,12.4,24,18230.0,United Kingdom
565756,2023-09-06,21464,Disco Ball Rotator Battery Operated,14.61,8,18230.0,United Kingdom
565756,2023-09-06,21181,Please One Person Metal Sign,12.4,36,18230.0,United Kingdom
565756,2023-09-06,21165,Beware Of The Cat Metal Sign,11.98,18,18230.0,United Kingdom
565756,2023-09-06,82582,Area Patrolled Metal Sign,12.4,12,18230.0,United Kingdom
565756,2023-09-06,21175,Gin And Tonic Diet Metal Sign,12.86,12,18230.0,United Kingdom
565756,2023-09-06,22413,Metal Sign Take It Or Leave It,13.27,6,18230.0,United Kingdom
565756,2023-09-06,82581,Toilet Metal Sign,10.81,12,18230.0,United Kingdom
565757,2023-09-06,23014,Glass Apothecary Bottle Elixir,13.79,24,17339.0,United Kingdom
565757,2023-09-06,23013,Glass Apothecary Bottle Tonic,13.79,12,17339.0,United Kingdom
565757,2023-09-06,23327,Hanging Clear Mini Bottle,10.9,48,17339.0,United Kingdom
565757,2023-09-06,23328,Set 6 School Milk Bottles In Crate,14.09,4,17339.0,United Kingdom
565757,2023-09-06,23187,French Style Storage Jar Bonbons,10.55,48,17339.0,United Kingdom
565758,2023-09-06,21669,Blue Stripe Ceramic Drawer Knob,11.74,2,16928.0,United Kingdom
565758,2023-09-06,22773,Green Drawer Knob Acrylic Edwardian,11.53,3,16928.0,United Kingdom
565758,2023-09-06,21673,White Spot Blue Ceramic Drawer Knob,11.74,2,16928.0,United Kingdom
565758,2023-09-06,23033,Drawer Knob Ceramic Red,11.74,3,16928.0,United Kingdom
565758,2023-09-06,22775,Purple Drawerknob Acrylic Edwardian,11.53,12,16928.0,United Kingdom
565758,2023-09-06,22771,Clear Drawer Knob Acrylic Edwardian,11.53,12,16928.0,United Kingdom
565758,2023-09-06,22773,Green Drawer Knob Acrylic Edwardian,11.53,12,16928.0,United Kingdom
565758,2023-09-06,21672,White Spot Red Ceramic Drawer Knob,11.74,6,16928.0,United Kingdom
565758,2023-09-06,21670,Blue Spot Ceramic Drawer Knob,11.74,6,16928.0,United Kingdom
565758,2023-09-06,21671,Red Spot Ceramic Drawer Knob,11.74,6,16928.0,United Kingdom
565758,2023-09-06,21668,Red Stripe Ceramic Drawer Knob,11.74,6,16928.0,United Kingdom
565758,2023-09-06,21669,Blue Stripe Ceramic Drawer Knob,11.74,12,16928.0,United Kingdom
565758,2023-09-06,23035,Drawer Knob Ceramic Ivory,11.74,18,16928.0,United Kingdom
565758,2023-09-06,23032,Drawer Knob Crackle Glaze Ivory,11.94,6,16928.0,United Kingdom
565758,2023-09-06,23034,Drawer Knob Ceramic Black,11.74,36,16928.0,United Kingdom
565759,2023-09-06,21238,Red Retrospot Cup,11.12,8,12720.0,Germany
565759,2023-09-06,22625,Red Kitchen Scales,18.96,2,12720.0,Germany
565759,2023-09-06,22624,Ivory Kitchen Scales,18.96,2,12720.0,Germany
565759,2023-09-06,21981,Pack Of 12 Woodland Tissues,10.65,48,12720.0,Germany
565759,2023-09-06,22627,Mint Kitchen Scales,18.96,2,12720.0,Germany
565759,2023-09-06,21980,Pack Of 12 Red Retrospot Tissues,10.65,48,12720.0,Germany
565759,2023-09-06,21986,Pack Of 12 Pink Polkadot Tissues,10.65,24,12720.0,Germany
565759,2023-09-06,22667,Recipe Box Retrospot,13.27,6,12720.0,Germany
565759,2023-09-06,21035,Set/2 Red Retrospot Tea Towels,13.58,6,12720.0,Germany
565759,2023-09-06,21933,Pink Vintage Paisley Picnic Bag,11.94,10,12720.0,Germany
565759,2023-09-06,21984,Pack Of 12 Pink Paisley Tissues,10.65,24,12720.0,Germany
565759,2023-09-06,22614,Pack Of 12 Spaceboy Tissues,10.65,48,12720.0,Germany
565759,2023-09-06,21500,Pink Polkadot Wrap,10.68,25,12720.0,Germany
565759,2023-09-06,23231,Wrap Vintage Doily,10.68,25,12720.0,Germany
565759,2023-09-06,23380,Pack Of 12 Vintage Doily Tissues,10.65,24,12720.0,Germany
565759,2023-09-06,23403,Letter Holder Home Sweet Home,14.09,4,12720.0,Germany
565759,2023-09-06,23404,Home Sweet Home Blackboard,15.32,6,12720.0,Germany
565759,2023-09-06,22326,Round Snack Boxes Set Of4 Woodland,13.27,6,12720.0,Germany
565759,2023-09-06,21936,Red Retrospot Picnic Bag,13.27,5,12720.0,Germany
565760,2023-09-06,20725,Lunch Bag Red Retrospot,5.97,10,12720.0,Germany
565763,2023-09-06,21916,Set 12 Retro White Chalk Sticks,10.62,288,14739.0,United Kingdom
565763,2023-09-06,21358,Toast Its - Happy Birthday,11.53,12,14739.0,United Kingdom
565763,2023-09-06,21356,Toast Its - Fairy Flower,11.53,12,14739.0,United Kingdom
565763,2023-09-06,23267,Set Of 4 Santa Place Settings,11.32,96,14739.0,United Kingdom
565763,2023-09-06,23271,Christmas Table Silver Candle Spike,10.96,128,14739.0,United Kingdom
565763,2023-09-06,23340,Vintage Christmas Cake Frill,11.94,24,14739.0,United Kingdom
565763,2023-09-06,23378,Pack Of 12 50'S Christmas Tissues,10.58,432,14739.0,United Kingdom
565763,2023-09-06,23376,Pack Of 12 Vintage Christmas Tissue,10.58,432,14739.0,United Kingdom
565763,2023-09-06,21888,Bingo Set,13.72,36,14739.0,United Kingdom
565763,2023-09-06,22950,36 Doilies Vintage Christmas,11.53,144,14739.0,United Kingdom
565764,2023-09-06,46000M,Polyester Filler Pad 45x45cm,11.84,2,17764.0,United Kingdom
565764,2023-09-06,23393,Home Sweet Home Cushion Cover,14.09,1,17764.0,United Kingdom
565764,2023-09-06,23394,Poste France Cushion Cover,14.09,1,17764.0,United Kingdom
565764,2023-09-06,22960,Jam Making Set With Jars,14.61,1,17764.0,United Kingdom
565765,2023-09-06,21429,Red Gingham Rose Jewellery Box,12.25,8,12526.0,Germany
565765,2023-09-06,20682,Red Retrospot Childrens Umbrella,13.58,6,12526.0,Germany
565765,2023-09-06,20971,Pink Blue Felt Craft Trinket Box,11.53,12,12526.0,Germany
565765,2023-09-06,22271,Feltcraft Doll Rosie,13.27,6,12526.0,Germany
565765,2023-09-06,22273,Feltcraft Doll Molly,13.27,6,12526.0,Germany
565765,2023-09-06,22586,Feltcraft Hairband Pink And Blue,11.12,12,12526.0,Germany
565765,2023-09-06,22326,Round Snack Boxes Set Of4 Woodland,13.27,6,12526.0,Germany
565765,2023-09-06,21559,Strawberry Lunch Box With Cutlery,12.86,6,12526.0,Germany
565765,2023-09-06,22631,Circus Parade Lunch Box,12.25,12,12526.0,Germany
565765,2023-09-06,22659,Lunch Box I Love London,12.25,12,12526.0,Germany
565765,2023-09-06,22551,Plasters In Tin Spaceboy,11.94,12,12526.0,Germany
565765,2023-09-06,22556,Plasters In Tin Circus Parade,11.94,12,12526.0,Germany
565765,2023-09-06,22554,Plasters In Tin Woodland Animals,11.94,12,12526.0,Germany
565765,2023-09-06,21731,Red Toadstool Led Night Light,11.94,12,12526.0,Germany
565765,2023-09-06,22209,Wood Stamp Set Happy Birthday,11.1,12,12526.0,Germany
565765,2023-09-06,20979,36 Pencils Tube Red Retrospot,11.53,16,12526.0,Germany
565765,2023-09-06,20977,36 Pencils Tube Woodland,11.53,16,12526.0,Germany
565765,2023-09-06,23240,Set Of 4 Knick Knack Tins Doily,14.5,6,12526.0,Germany
565765,2023-09-06,22534,Magic Drawing Slate Spaceboy,10.68,24,12526.0,Germany
565765,2023-09-06,22530,Magic Drawing Slate Dolly Girl,10.68,24,12526.0,Germany
565765,2023-09-06,22531,Magic Drawing Slate Circus Parade,10.68,24,12526.0,Germany
565765,2023-09-06,22138,Baking Set 9 Piece Retrospot,15.32,3,12526.0,Germany
565765,2023-09-06,22617,Baking Set Spaceboy Design,15.32,3,12526.0,Germany
565765,2023-09-06,21891,Traditional Wooden Skipping Rope,11.74,12,12526.0,Germany
565765,2023-09-06,21892,Traditional Wooden Catch Cup Game,11.53,12,12526.0,Germany
565765,2023-09-06,20713,Jumbo Bag Owls,6.19,10,12526.0,Germany
565765,2023-09-06,23203,Jumbo Bag Vintage Doily,6.19,10,12526.0,Germany
565765,2023-09-06,23344,Jumbo Bag 50'S Christmas,6.19,10,12526.0,Germany
565766,2023-09-06,46000M,Polyester Filler Pad 45x45cm,11.84,1,17841.0,United Kingdom
565766,2023-09-06,46000U,Polyester Filler Pad 30cmx30cm,11.53,4,17841.0,United Kingdom
565766,2023-09-06,22996,Travel Card Wallet Vintage Ticket,10.68,1,17841.0,United Kingdom
565766,2023-09-06,22794,Sweetheart Wire Magazine Rack,18.4,1,17841.0,United Kingdom
565766,2023-09-06,15044D,Red Paper Parasol,13.27,1,17841.0,United Kingdom
565766,2023-09-06,22135,Mini Ladle Love Heart Pink,10.68,1,17841.0,United Kingdom
565766,2023-09-06,79321,Chilli Lights,16.14,1,17841.0,United Kingdom
565766,2023-09-06,22179,Set 10 Night Owl Lights,17.17,1,17841.0,United Kingdom
565766,2023-09-06,22953,Birthday Party Cordon Barrier Tape,11.53,2,17841.0,United Kingdom
565766,2023-09-06,21917,Set 12 Kids White Chalk Sticks,10.68,1,17841.0,United Kingdom
565766,2023-09-06,22621,Traditional Knitting Nancy,11.94,2,17841.0,United Kingdom
565766,2023-09-06,22112,Chocolate Hot Water Bottle,15.32,1,17841.0,United Kingdom
565766,2023-09-06,21484,Chick Grey Hot Water Bottle,14.61,2,17841.0,United Kingdom
565766,2023-09-06,22196,Small Heart Measuring Spoons,11.12,1,17841.0,United Kingdom
565766,2023-09-06,22195,Large Heart Measuring Spoons,11.94,2,17841.0,United Kingdom
565766,2023-09-06,21989,Pack Of 20 Skull Paper Napkins,11.12,2,17841.0,United Kingdom
565766,2023-09-06,22654,Deluxe Sewing Kit,16.35,2,17841.0,United Kingdom
565766,2023-09-06,22652,Travel Sewing Kit,11.94,1,17841.0,United Kingdom
565766,2023-09-06,21078,Set/20 Strawberry Paper Napkins,11.12,3,17841.0,United Kingdom
565766,2023-09-06,21080,Set/20 Red Retrospot Paper Napkins,11.12,3,17841.0,United Kingdom
565766,2023-09-06,22077,6 Ribbons Rustic Charm,12.25,2,17841.0,United Kingdom
565766,2023-09-06,85049E,Scandinavian Reds Ribbons,11.53,10,17841.0,United Kingdom
565766,2023-09-06,85049G,Chocolate Box Ribbons,11.53,3,17841.0,United Kingdom
565766,2023-09-06,22326,Round Snack Boxes Set Of4 Woodland,13.27,2,17841.0,United Kingdom
565766,2023-09-06,21564,Pink Heart Shape Love Bucket,13.27,1,17841.0,United Kingdom
565766,2023-09-06,21756,Bath Building Block Word,16.66,1,17841.0,United Kingdom
565766,2023-09-06,22896,Peg Bag Apples Design,12.86,1,17841.0,United Kingdom
565766,2023-09-06,85114B,Ivory Enchanted Forest Placemat,11.94,2,17841.0,United Kingdom
565766,2023-09-06,22978,Pantry Rolling Pin,14.09,1,17841.0,United Kingdom
565766,2023-09-06,22886,Number Tile Vintage Font 7,12.25,1,17841.0,United Kingdom
565766,2023-09-06,22889,Number Tile Vintage Font No,12.4,1,17841.0,United Kingdom
565766,2023-09-06,22692,Doormat Welcome To Our Home,18.71,1,17841.0,United Kingdom
565766,2023-09-06,23239,Set Of 4 Knick Knack Tins Poppies,14.5,3,17841.0,United Kingdom
565766,2023-09-06,21668,Red Stripe Ceramic Drawer Knob,11.74,19,17841.0,United Kingdom
565766,2023-09-06,22222,Cake Plate Lovebird White,15.32,1,17841.0,United Kingdom
565766,2023-09-06,22219,Lovebird Hanging Decoration White,11.12,6,17841.0,United Kingdom
565766,2023-09-06,22348,Tea Bag Plate Red Retrospot,11.12,2,17841.0,United Kingdom
565766,2023-09-06,22227,Hanging Heart Mirror Decoration,10.92,7,17841.0,United Kingdom
565766,2023-09-06,22979,Pantry Washing Up Brush,11.74,1,17841.0,United Kingdom
565766,2023-09-06,22982,Pantry Pastry Brush,11.53,1,17841.0,United Kingdom
565766,2023-09-06,22980,Pantry Scrubbing Brush,11.94,1,17841.0,United Kingdom
565766,2023-09-06,22981,Pantry Apple Corer,11.74,2,17841.0,United Kingdom
565766,2023-09-06,21561,Dinosaur Lunch Box With Cutlery,12.86,1,17841.0,United Kingdom
565766,2023-09-06,22420,Lipstick Pen Baby Pink,10.68,1,17841.0,United Kingdom
565766,2023-09-06,21976,Pack Of 60 Mushroom Cake Cases,10.81,1,17841.0,United Kingdom
565766,2023-09-06,22753,Small Yellow Babushka Notebook,11.12,1,17841.0,United Kingdom
565766,2023-09-06,22078,Ribbon Reel Lace Design,12.4,2,17841.0,United Kingdom
565766,2023-09-06,23243,Set Of Tea Coffee Sugar Tins Pantry,15.32,1,17841.0,United Kingdom
565766,2023-09-06,22720,Set Of 3 Cake Tins Pantry Design,15.32,1,17841.0,United Kingdom
565766,2023-09-06,21058,Party Invites Woodland,11.12,2,17841.0,United Kingdom
565766,2023-09-06,21976,Pack Of 60 Mushroom Cake Cases,10.81,1,17841.0,United Kingdom
565766,2023-09-06,20914,Set/5 Red Retrospot Lid Glass Bowls,13.27,1,17841.0,United Kingdom
565766,2023-09-06,21927,Blue/Cream Stripe Cushion Cover,11.53,5,17841.0,United Kingdom
565766,2023-09-06,21926,Red/Cream Stripe Cushion Cover,11.53,4,17841.0,United Kingdom
565766,2023-09-06,22212,Four Hook White Lovebirds,12.4,1,17841.0,United Kingdom
565766,2023-09-06,23091,Zinc Herb Garden Container,16.66,1,17841.0,United Kingdom
565766,2023-09-06,22844,Vintage Cream Dog Food Container,18.96,1,17841.0,United Kingdom
565766,2023-09-06,79066K,Retro Mod Tray,11.12,2,17841.0,United Kingdom
565766,2023-09-06,47421,Assorted Colour Lizard Suction Hook,10.68,24,17841.0,United Kingdom
565766,2023-09-06,23426,Metal Sign Drop Your Pants,13.21,1,17841.0,United Kingdom
565766,2023-09-06,22679,French Blue Metal Door Sign 4,11.53,2,17841.0,United Kingdom
565766,2023-09-06,22676,French Blue Metal Door Sign 1,11.53,2,17841.0,United Kingdom
565766,2023-09-06,22678,French Blue Metal Door Sign 3,11.53,1,17841.0,United Kingdom
565766,2023-09-06,21174,Pottering In The Shed Metal Sign,12.38,2,17841.0,United Kingdom
565766,2023-09-06,21982,Pack Of 12 Suki Tissues,10.65,6,17841.0,United Kingdom
565766,2023-09-06,21175,Gin And Tonic Diet Metal Sign,12.86,1,17841.0,United Kingdom
565766,2023-09-06,20752,Blue Polkadot Washing Up Gloves,12.4,1,17841.0,United Kingdom
565766,2023-09-06,21158,Moody Girl Door Hanger,10.65,1,17841.0,United Kingdom
565766,2023-09-06,21248,Door Hanger Mum + Dads Room,11.74,1,17841.0,United Kingdom
565766,2023-09-06,21159,Moody Boy Door Hanger,10.65,1,17841.0,United Kingdom
565766,2023-09-06,21311,Set/4 Bird Mirror Magnets,10.55,2,17841.0,United Kingdom
565766,2023-09-06,22212,Four Hook White Lovebirds,12.4,1,17841.0,United Kingdom
565766,2023-09-06,22467,Gumball Coat Rack,12.86,6,17841.0,United Kingdom
565766,2023-09-06,22174,Photo Cube,11.94,1,17841.0,United Kingdom
565766,2023-09-06,22096,Pink Paisley Square Tissue Box,10.65,1,17841.0,United Kingdom
565766,2023-09-06,72741,Grand Chocolatecandle,11.74,9,17841.0,United Kingdom
565766,2023-09-06,71270,Photo Clip Line,11.53,1,17841.0,United Kingdom
565766,2023-09-06,21171,Bathroom Metal Sign,10.81,5,17841.0,United Kingdom
565766,2023-09-06,82578,Kitchen Metal Sign,10.81,5,17841.0,United Kingdom
565766,2023-09-06,82581,Toilet Metal Sign,10.81,3,17841.0,United Kingdom
565766,2023-09-06,21439,Basket Of Toadstools,11.53,2,17841.0,United Kingdom
565766,2023-09-06,20828,Glitter Butterfly Clips,12.86,4,17841.0,United Kingdom
565766,2023-09-06,72800E,4 Ivory Dinner Candles Silver Flock,12.86,1,17841.0,United Kingdom
565766,2023-09-06,20829,Glitter Hanging Butterfly String,12.4,2,17841.0,United Kingdom
565766,2023-09-06,21981,Pack Of 12 Woodland Tissues,10.65,12,17841.0,United Kingdom
565766,2023-09-06,23144,Zinc T-Light Holder Stars Small,11.1,2,17841.0,United Kingdom
565766,2023-09-06,22214,Candle Plate Lace White,12.86,1,17841.0,United Kingdom
565766,2023-09-06,22136,Love Heart Sock Hanger,11.94,2,17841.0,United Kingdom
565766,2023-09-06,22464,Hanging Metal Heart Lantern,11.94,1,17841.0,United Kingdom
565766,2023-09-06,85038,6 Chocolate Love Heart T-Lights,12.4,1,17841.0,United Kingdom
565766,2023-09-06,22475,Skull Design Tv Dinner Tray,15.32,2,17841.0,United Kingdom
565766,2023-09-06,82001S,Silver Record Cover Frame,14.09,1,17841.0,United Kingdom
565766,2023-09-06,21498,Red Retrospot Wrap,10.68,25,17841.0,United Kingdom
565766,2023-09-06,21495,Skulls And Crossbones Wrap,10.68,25,17841.0,United Kingdom
565766,2023-09-06,21578,Woodland Design Cotton Tote Bag,12.56,1,17841.0,United Kingdom
565766,2023-09-06,22171,3 Hook Photo Shelf Antique White,18.96,1,17841.0,United Kingdom
565766,2023-09-06,22090,Paper Bunting Retrospot,13.27,12,17841.0,United Kingdom
565766,2023-09-06,21260,First Aid Tin,13.58,1,17841.0,United Kingdom
565766,2023-09-06,22494,Emergency First Aid Tin,11.53,2,17841.0,United Kingdom
565766,2023-09-06,23551,Pack Of 12 Paisley Park Tissues,10.65,1,17841.0,United Kingdom
565766,2023-09-06,23102,Silver Hearts Table Decoration,11.1,1,17841.0,United Kingdom
565766,2023-09-06,23237,Set Of 4 Knick Knack Tins Leaf,14.5,1,17841.0,United Kingdom
565766,2023-09-06,23239,Set Of 4 Knick Knack Tins Poppies,14.5,1,17841.0,United Kingdom
565766,2023-09-06,23275,Set Of 3 Hanging Owls Ollie Beak,11.53,2,17841.0,United Kingdom
565766,2023-09-06,84849D,Hot Baths Soap Holder,11.98,4,17841.0,United Kingdom
565766,2023-09-06,22356,Charlotte Bag Pink Polkadot,11.12,2,17841.0,United Kingdom
565766,2023-09-06,22356,Charlotte Bag Pink Polkadot,11.12,1,17841.0,United Kingdom
565766,2023-09-06,20724,Red Retrospot Charlotte Bag,11.12,2,17841.0,United Kingdom
565766,2023-09-06,21908,Chocolate This Way Metal Sign,12.4,1,17841.0,United Kingdom
565766,2023-09-06,21172,Party Metal Sign,11.74,2,17841.0,United Kingdom
565766,2023-09-06,21179,No Junk Mail Metal Sign,10.65,1,17841.0,United Kingdom
565766,2023-09-06,23147,Single Antique Rose Hook Ivory,11.74,3,17841.0,United Kingdom
565766,2023-09-06,20831,Gold Photo Frame,12.4,1,17841.0,United Kingdom
565766,2023-09-06,22720,Set Of 3 Cake Tins Pantry Design,15.32,1,17841.0,United Kingdom
565766,2023-09-06,23241,Treasure Tin Gymkhana Design,12.38,2,17841.0,United Kingdom
565766,2023-09-06,22189,Cream Heart Card Holder,14.3,1,17841.0,United Kingdom
565766,2023-09-06,22896,Peg Bag Apples Design,12.86,1,17841.0,United Kingdom
565766,2023-09-06,21218,Red Spotty Biscuit Tin,14.09,1,17841.0,United Kingdom
565766,2023-09-06,22993,Set Of 4 Pantry Jelly Moulds,11.53,2,17841.0,United Kingdom
565766,2023-09-06,21216,Set 3 Retrospot Tea/Coffee/Sugar,15.32,1,17841.0,United Kingdom
565766,2023-09-06,22989,Set 2 Pantry Design Tea Towels,13.58,1,17841.0,United Kingdom
565766,2023-09-06,21232,Strawberry Ceramic Trinket Pot,11.53,1,17841.0,United Kingdom
565766,2023-09-06,21231,Sweetheart Ceramic Trinket Box,11.53,1,17841.0,United Kingdom
565766,2023-09-06,47566,Party Bunting,15.32,4,17841.0,United Kingdom
565766,2023-09-06,23300,Gardeners Kneeling Pad Cup Of Tea,11.94,3,17841.0,United Kingdom
565766,2023-09-06,21172,Party Metal Sign,11.74,3,17841.0,United Kingdom
565766,2023-09-06,23241,Treasure Tin Gymkhana Design,12.38,2,17841.0,United Kingdom
565766,2023-09-06,20972,Pink Cream Felt Craft Trinket Box,11.53,3,17841.0,United Kingdom
565766,2023-09-06,22074,6 Ribbons Shimmering Pinks,11.94,2,17841.0,United Kingdom
565766,2023-09-06,23199,Jumbo Bag Apples,6.19,2,17841.0,United Kingdom
565766,2023-09-06,85099B,Jumbo Bag Red Retrospot,6.19,2,17841.0,United Kingdom
565766,2023-09-06,21928,Jumbo Bag Scandinavian Blue Paisley,6.19,2,17841.0,United Kingdom
565766,2023-09-06,23209,Lunch Bag Vintage Doily,5.97,1,17841.0,United Kingdom
565766,2023-09-06,20725,Lunch Bag Red Retrospot,5.97,1,17841.0,United Kingdom
565766,2023-09-06,23206,Lunch Bag Apple Design,5.97,1,17841.0,United Kingdom
565766,2023-09-06,23208,Lunch Bag Vintage Leaf Design,5.97,1,17841.0,United Kingdom
565767,2023-09-06,22356,Charlotte Bag Pink Polkadot,12.77,17,13767.0,United Kingdom
565767,2023-09-06,22377,Bottle Bag Retrospot,14.48,2,13767.0,United Kingdom
565767,2023-09-06,22631,Circus Parade Lunch Box,14.48,2,13767.0,United Kingdom
565767,2023-09-06,22645,Ceramic Heart Fairy Cake Money Bank,14.48,6,13767.0,United Kingdom
565767,2023-09-06,22665,Recipe Box Blue Sketchbook Design,17.05,2,13767.0,United Kingdom
565767,2023-09-06,22666,Recipe Box Pantry Yellow Design,17.05,1,13767.0,United Kingdom
565767,2023-09-06,22725,Alarm Clock Bakelike Chocolate,18.75,2,13767.0,United Kingdom
565767,2023-09-06,22726,Alarm Clock Bakelike Green,18.75,4,13767.0,United Kingdom
565767,2023-09-06,22727,Alarm Clock Bakelike Red,18.75,6,13767.0,United Kingdom
565767,2023-09-06,22728,Alarm Clock Bakelike Pink,18.75,5,13767.0,United Kingdom
565767,2023-09-06,22730,Alarm Clock Bakelike Ivory,18.75,2,13767.0,United Kingdom
565767,2023-09-06,22732,3d Vintage Christmas Stickers,11.92,2,13767.0,United Kingdom
565767,2023-09-06,22733,3d Traditional Christmas Stickers,11.92,1,13767.0,United Kingdom
565767,2023-09-06,22775,Purple Drawerknob Acrylic Edwardian,12.77,2,13767.0,United Kingdom
565767,2023-09-06,22805,Blue Drawer Knob Acrylic Edwardian,12.77,6,13767.0,United Kingdom
565767,2023-09-06,22835,Hot Water Bottle I Am So Poorly,17.9,3,13767.0,United Kingdom
565767,2023-09-06,20675,Blue Polkadot Bowl,12.77,11,13767.0,United Kingdom
565767,2023-09-06,20677,Pink Polkadot Bowl,12.77,7,13767.0,United Kingdom
565767,2023-09-06,20719,Woodland Charlotte Bag,12.77,32,13767.0,United Kingdom
565767,2023-09-06,20723,Strawberry Charlotte Bag,12.77,29,13767.0,United Kingdom
565767,2023-09-06,20724,Red Retrospot Charlotte Bag,12.77,45,13767.0,United Kingdom
565767,2023-09-06,21041,Red Retrospot Oven Glove Double,17.05,7,13767.0,United Kingdom
565767,2023-09-06,21154,Red Retrospot Oven Glove,13.62,1,13767.0,United Kingdom
565767,2023-09-06,21155,Red Retrospot Peg Bag,15.33,9,13767.0,United Kingdom
565767,2023-09-06,21212,Pack Of 72 Retrospot Cake Cases,12.38,13,13767.0,United Kingdom
565767,2023-09-06,21213,Pack Of 72 Skull Cake Cases,12.38,13,13767.0,United Kingdom
565767,2023-09-06,21232,Strawberry Ceramic Trinket Pot,13.62,18,13767.0,United Kingdom
565767,2023-09-06,21238,Red Retrospot Cup,11.92,1,13767.0,United Kingdom
565767,2023-09-06,21239,Pink Polkadot Cup,11.92,5,13767.0,United Kingdom
565767,2023-09-06,21243,Pink Polkadot Plate,13.62,5,13767.0,United Kingdom
565767,2023-09-06,21244,Blue Polkadot Plate,13.62,1,13767.0,United Kingdom
565767,2023-09-06,21479,White Skull Hot Water Bottle,18.75,4,13767.0,United Kingdom
565767,2023-09-06,21481,Fawn Blue Hot Water Bottle,17.05,1,13767.0,United Kingdom
565767,2023-09-06,21484,Chick Grey Hot Water Bottle,18.75,2,13767.0,United Kingdom
565767,2023-09-06,21485,Retrospot Heart Hot Water Bottle,17.9,1,13767.0,United Kingdom
565767,2023-09-06,23168,Classic Cafe Sugar Dispenser,13.62,4,13767.0,United Kingdom
565767,2023-09-06,23168,Classic Cafe Sugar Dispenser,16.95,1,13767.0,United Kingdom
565767,2023-09-06,23204,Charlotte Bag Apples Design,12.77,6,13767.0,United Kingdom
565767,2023-09-06,23205,Charlotte Bag Vintage Alphabet,12.77,6,13767.0,United Kingdom
565767,2023-09-06,35970,Zinc Folkart Sleigh Bells,14.48,1,13767.0,United Kingdom
565767,2023-09-06,82583,Hot Baths Metal Sign,15.33,12,13767.0,United Kingdom
565767,2023-09-06,84029E,Red Woolly Hottie White Heart,17.9,7,13767.0,United Kingdom
565767,2023-09-06,84031A,Charlie+Lola Red Hot Water Bottle,15.33,1,13767.0,United Kingdom
565767,2023-09-06,84031B,Charlie Lola Blue Hot Water Bottle,15.33,1,13767.0,United Kingdom
565767,2023-09-06,84692,Box Of 24 Cocktail Parasols,11.92,8,13767.0,United Kingdom
565767,2023-09-06,84692,Box Of 24 Cocktail Parasols,14.52,1,13767.0,United Kingdom
565767,2023-09-06,84997C,Childrens Cutlery Polkadot Blue,18.75,4,13767.0,United Kingdom
565767,2023-09-06,84997D,Childrens Cutlery Polkadot Pink,18.75,5,13767.0,United Kingdom
565767,2023-09-06,21668,Red Stripe Ceramic Drawer Knob,12.77,1,13767.0,United Kingdom
565767,2023-09-06,21670,Blue Spot Ceramic Drawer Knob,13.62,14,13767.0,United Kingdom
565767,2023-09-06,21671,Red Spot Ceramic Drawer Knob,13.62,1,13767.0,United Kingdom
565767,2023-09-06,21672,White Spot Red Ceramic Drawer Knob,12.77,1,13767.0,United Kingdom
565767,2023-09-06,22041,"Record Frame 7"" Single Size",16.18,5,13767.0,United Kingdom
565767,2023-09-06,22079,Ribbon Reel Hearts Design,12.77,1,13767.0,United Kingdom
565767,2023-09-06,22110,Bird House Hot Water Bottle,17.9,1,13767.0,United Kingdom
565767,2023-09-06,22114,Hot Water Bottle Tea And Sympathy,19.61,10,13767.0,United Kingdom
565767,2023-09-06,22174,Photo Cube,14.48,2,13767.0,United Kingdom
565767,2023-09-06,22197,Popcorn Holder,11.92,15,13767.0,United Kingdom
565767,2023-09-06,22327,Round Snack Boxes Set Of 4 Skulls,17.05,7,13767.0,United Kingdom
565767,2023-09-06,22355,Charlotte Bag Suki Design,12.77,61,13767.0,United Kingdom
565767,2023-09-06,22382,Lunch Bag Spaceboy Design,7.67,15,13767.0,United Kingdom
565767,2023-09-06,22383,Lunch Bag Suki Design,7.67,18,13767.0,United Kingdom
565767,2023-09-06,20726,Lunch Bag Woodland,7.67,7,13767.0,United Kingdom
565767,2023-09-06,20727,Lunch Bag Black Skull,7.67,30,13767.0,United Kingdom
565767,2023-09-06,20728,Lunch Bag Cars Blue,7.67,15,13767.0,United Kingdom
565767,2023-09-06,23206,Lunch Bag Apple Design,7.67,21,13767.0,United Kingdom
565767,2023-09-06,23207,Lunch Bag Alphabet Design,7.67,3,13767.0,United Kingdom
565768,2023-09-06,22278,Overnight Bag Vintage Rose Paisley,15.32,2,14040.0,United Kingdom
565768,2023-09-06,20712,Jumbo Bag Woodland Animals,6.19,10,14040.0,United Kingdom
565768,2023-09-06,85099B,Jumbo Bag Red Retrospot,6.19,20,14040.0,United Kingdom
565768,2023-09-06,85099C,Jumbo Bag Baroque Black White,6.19,20,14040.0,United Kingdom
565768,2023-09-06,22384,Lunch Bag Pink Polkadot,5.97,30,14040.0,United Kingdom
565768,2023-09-06,20725,Lunch Bag Red Retrospot,5.97,30,14040.0,United Kingdom
565768,2023-09-06,20726,Lunch Bag Woodland,5.97,20,14040.0,United Kingdom
565768,2023-09-06,20727,Lunch Bag Black Skull,5.97,10,14040.0,United Kingdom
565769,2023-09-06,85123A,Cream Hanging Heart T-Light Holder,13.27,6,16175.0,United Kingdom
565769,2023-09-06,22804,Pink Hanging Heart T-Light Holder,13.27,6,16175.0,United Kingdom
565769,2023-09-06,22488,Natural Slate Rectangle Chalkboard,11.94,12,16175.0,United Kingdom
565769,2023-09-06,22295,Heart Filigree Dove Large,11.94,12,16175.0,United Kingdom
565769,2023-09-06,22296,Heart Ivory Trellis Large,11.94,12,16175.0,United Kingdom
565769,2023-09-06,23321,Small White Heart Of Wicker,11.94,12,16175.0,United Kingdom
565769,2023-09-06,23322,Large White Heart Of Wicker,13.27,6,16175.0,United Kingdom
565769,2023-09-06,23330,Decorative Wicker Heart Medium,11.53,24,16175.0,United Kingdom
565769,2023-09-06,23333,Ivory Wicker Heart Medium,11.53,12,16175.0,United Kingdom
565769,2023-09-06,85131C,Beaded Crystal Heart Blue On Stick,11.53,12,16175.0,United Kingdom
565769,2023-09-06,22283,6 Egg House Painted Wood,18.4,2,16175.0,United Kingdom
565769,2023-09-06,23217,Laurel Heart Antique Silver,11.53,12,16175.0,United Kingdom
565769,2023-09-06,23328,Set 6 School Milk Bottles In Crate,14.09,4,16175.0,United Kingdom
565769,2023-09-06,21293,Mirrored Dove Wall Decoration,12.4,6,16175.0,United Kingdom
565769,2023-09-06,75049L,Large Circular Mirror Mobile,11.53,24,16175.0,United Kingdom
565776,2023-09-06,23167,Small Ceramic Top Storage Jar,10.96,96,15311.0,United Kingdom
565776,2023-09-06,23166,Medium Ceramic Top Storage Jar,11.32,48,15311.0,United Kingdom
565776,2023-09-06,22674,French Toilet Sign Blue Metal,11.53,3,15311.0,United Kingdom
565776,2023-09-06,22675,French Kitchen Sign Blue Metal,11.53,3,15311.0,United Kingdom
565776,2023-09-06,22326,Round Snack Boxes Set Of4 Woodland,13.27,2,15311.0,United Kingdom
565776,2023-09-06,22328,Round Snack Boxes Set Of 4 Fruits,13.27,2,15311.0,United Kingdom
565776,2023-09-06,22327,Round Snack Boxes Set Of 4 Skulls,13.27,2,15311.0,United Kingdom
565776,2023-09-06,22329,Round Container Set Of 5 Retrospot,11.94,2,15311.0,United Kingdom
565776,2023-09-06,22410,Money Box Housekeeping Design,11.53,2,15311.0,United Kingdom
565776,2023-09-06,22755,Small Purple Babushka Notebook,11.12,3,15311.0,United Kingdom
565776,2023-09-06,22333,Retrospot Party Bag + Sticker Set,11.94,6,15311.0,United Kingdom
565776,2023-09-06,22411,Jumbo Shopper Vintage Red Paisley,12.38,4,15311.0,United Kingdom
565776,2023-09-06,21930,Jumbo Storage Bag Skulls,12.38,2,15311.0,United Kingdom
565776,2023-09-06,21934,Skull Shoulder Bag,11.94,4,15311.0,United Kingdom
565776,2023-09-06,85099C,Jumbo Bag Baroque Black White,6.04,100,15311.0,United Kingdom
565776,2023-09-06,22386,Jumbo Bag Pink Polkadot,6.04,100,15311.0,United Kingdom
565776,2023-09-06,20713,Jumbo Bag Owls,6.04,100,15311.0,United Kingdom
565776,2023-09-06,20712,Jumbo Bag Woodland Animals,6.19,1,15311.0,United Kingdom
565776,2023-09-06,21929,Jumbo Bag Pink Vintage Paisley,6.19,3,15311.0,United Kingdom
565777,2023-09-06,21581,Skulls Design Cotton Tote Bag,12.56,6,12569.0,Germany
565777,2023-09-06,22649,Strawberry Fairy Cake Teapot,15.32,8,12569.0,Germany
565777,2023-09-06,47567B,Tea Time Kitchen Apron,16.35,6,12569.0,Germany
565778,2023-09-06,22865,Hand Warmer Owl Design,12.4,12,17460.0,United Kingdom
565778,2023-09-06,22867,Hand Warmer Bird Design,12.4,12,17460.0,United Kingdom
565778,2023-09-06,22665,Recipe Box Blue Sketchbook Design,13.27,6,17460.0,United Kingdom
565778,2023-09-06,23188,Vintage 2 Metre Folding Ruler,11.94,12,17460.0,United Kingdom
565778,2023-09-06,85123A,Cream Hanging Heart T-Light Holder,13.27,12,17460.0,United Kingdom
565778,2023-09-06,22925,Blue Giant Garden Thermometer,16.35,4,17460.0,United Kingdom
565779,2023-09-06,21311,Set/4 Bird Mirror Magnets,10.55,24,15804.0,United Kingdom
565779,2023-09-06,22398,Magnets Pack Of 4 Swallows,10.65,12,15804.0,United Kingdom
565779,2023-09-06,22915,Assorted Bottle Top Magnets,10.68,12,15804.0,United Kingdom
565779,2023-09-06,22924,Fridge Magnets La Vie En Rose,11.12,12,15804.0,United Kingdom
565779,2023-09-06,21790,Vintage Snap Cards,11.12,12,15804.0,United Kingdom
565779,2023-09-06,21704,Bag 250g Swirly Marbles,11.12,12,15804.0,United Kingdom
565779,2023-09-06,21791,Vintage Heads And Tails Card Game,11.53,12,15804.0,United Kingdom
565779,2023-09-06,21891,Traditional Wooden Skipping Rope,11.74,12,15804.0,United Kingdom
565779,2023-09-06,21912,Vintage Snakes & Ladders,14.09,4,15804.0,United Kingdom
565779,2023-09-06,23229,Vintage Donkey Tail Game,14.09,6,15804.0,United Kingdom
565779,2023-09-06,23234,Biscuit Tin Vintage Christmas,13.21,6,15804.0,United Kingdom
565779,2023-09-06,23313,Vintage Christmas Bunting,15.32,5,15804.0,United Kingdom
565779,2023-09-06,23324,Rustic Strawberry Jam Pot Large,12.38,12,15804.0,United Kingdom
565779,2023-09-06,22024,Rainy Ladies Birthday Card,10.68,12,15804.0,United Kingdom
565779,2023-09-06,21888,Bingo Set,14.09,4,15804.0,United Kingdom
565779,2023-09-06,22726,Alarm Clock Bakelike Green,14.09,4,15804.0,United Kingdom
565779,2023-09-06,22727,Alarm Clock Bakelike Red,14.09,4,15804.0,United Kingdom
565779,2023-09-06,22728,Alarm Clock Bakelike Pink,14.09,4,15804.0,United Kingdom
565779,2023-09-06,22699,Roses Regency Teacup And Saucer,13.27,6,15804.0,United Kingdom
565779,2023-09-06,22698,Pink Regency Teacup And Saucer,13.27,6,15804.0,United Kingdom
565779,2023-09-06,84970L,Single Heart Zinc T-Light Holder,11.53,12,15804.0,United Kingdom
565779,2023-09-06,23433,Hanging Quilted Patchwork Apples,11.1,12,15804.0,United Kingdom
565779,2023-09-06,22178,Victorian Glass Hanging T-Light,12.25,12,15804.0,United Kingdom
565779,2023-09-06,22570,Feltcraft Cushion Rabbit,14.09,4,15804.0,United Kingdom
565779,2023-09-06,22569,Feltcraft Cushion Butterfly,14.09,4,15804.0,United Kingdom
565779,2023-09-06,22219,Lovebird Hanging Decoration White,11.12,12,15804.0,United Kingdom
565779,2023-09-06,84879,Assorted Colour Bird Ornament,11.98,8,15804.0,United Kingdom
565779,2023-09-06,22556,Plasters In Tin Circus Parade,11.94,12,15804.0,United Kingdom
565779,2023-09-06,21982,Pack Of 12 Suki Tissues,10.65,24,15804.0,United Kingdom
565779,2023-09-06,21980,Pack Of 12 Red Retrospot Tissues,10.65,24,15804.0,United Kingdom
565779,2023-09-06,22099,Caravan Square Tissue Box,10.65,36,15804.0,United Kingdom
565779,2023-09-06,21983,Pack Of 12 Blue Paisley Tissues,10.65,24,15804.0,United Kingdom
565779,2023-09-06,21984,Pack Of 12 Pink Paisley Tissues,10.65,24,15804.0,United Kingdom
565780,2023-09-06,21035,Set/2 Red Retrospot Tea Towels,13.58,12,13130.0,United Kingdom
565780,2023-09-06,21154,Red Retrospot Oven Glove,11.53,20,13130.0,United Kingdom
565781,2023-09-06,22986,Wrap Gingham Rose,10.68,25,13098.0,United Kingdom
565781,2023-09-06,85123A,Cream Hanging Heart T-Light Holder,12.86,32,13098.0,United Kingdom
565781,2023-09-06,84970S,Hanging Heart Zinc T-Light Holder,11.12,36,13098.0,United Kingdom
565781,2023-09-06,84692,Box Of 24 Cocktail Parasols,10.68,25,13098.0,United Kingdom
565781,2023-09-06,23245,Set Of 3 Regency Cake Tins,14.5,16,13098.0,United Kingdom
565781,2023-09-06,23231,Wrap Vintage Doily,10.68,25,13098.0,United Kingdom
565781,2023-09-06,22712,Card Dolly Girl,10.68,12,13098.0,United Kingdom
565781,2023-09-06,22984,Card Gingham Rose,10.68,12,13098.0,United Kingdom
565781,2023-09-06,23175,Regency Milk Jug Pink,13.07,24,13098.0,United Kingdom
565781,2023-09-06,23173,Regency Teapot Roses,18.6,12,13098.0,United Kingdom
565781,2023-09-06,23172,Regency Tea Plate Pink,11.94,24,13098.0,United Kingdom
565781,2023-09-06,23171,Regency Tea Plate Green,11.94,18,13098.0,United Kingdom
565781,2023-09-06,23170,Regency Tea Plate Roses,11.94,24,13098.0,United Kingdom
565781,2023-09-06,22699,Roses Regency Teacup And Saucer,12.86,48,13098.0,United Kingdom
565781,2023-09-06,22028,Penny Farthing Birthday Card,10.68,24,13098.0,United Kingdom
565781,2023-09-06,22718,Card Cat And Tree,10.68,24,13098.0,United Kingdom
565781,2023-09-06,22046,Tea Party Wrapping Paper,10.68,25,13098.0,United Kingdom
565781,2023-09-06,22027,Tea Party Birthday Card,10.68,12,13098.0,United Kingdom
565781,2023-09-06,21210,Set Of 72 Retrospot Paper Doilies,11.74,12,13098.0,United Kingdom
565781,2023-09-06,23209,Lunch Bag Vintage Doily,5.97,20,13098.0,United Kingdom
565782,2023-09-06,15036,Assorted Colours Silk Fan,11.1,12,12748.0,United Kingdom
565782,2023-09-06,21539,Red Retrospot Butter Dish,15.32,1,12748.0,United Kingdom
565782,2023-09-06,22558,Clothes Pegs Retrospot Pack 24,11.94,1,12748.0,United Kingdom
565782,2023-09-06,21121,Set/10 Red Polkadot Party Candles,11.53,2,12748.0,United Kingdom
565782,2023-09-06,35471D,Set Of 3 Bird Light Pink Feather,10.65,5,12748.0,United Kingdom
565782,2023-09-06,21592,Retrospot Cigar Box Matches,11.53,1,12748.0,United Kingdom
565782,2023-09-06,21980,Pack Of 12 Red Retrospot Tissues,10.65,12,12748.0,United Kingdom
565782,2023-09-06,21584,Retrospot Small Tube Matches,11.94,1,12748.0,United Kingdom
565782,2023-09-06,21080,Set/20 Red Retrospot Paper Napkins,11.12,7,12748.0,United Kingdom
565782,2023-09-06,21394,Red Polkadot Beaker,10.65,12,12748.0,United Kingdom
565782,2023-09-06,23079,Toadstool Bedside Light,19.42,1,12748.0,United Kingdom
565782,2023-09-06,22070,Small Red Retrospot Mug In Box,13.72,36,12748.0,United Kingdom
565782,2023-09-06,22071,Small White Retrospot Mug In Box,13.72,36,12748.0,United Kingdom
565782,2023-09-06,21485,Retrospot Heart Hot Water Bottle,15.32,1,12748.0,United Kingdom
565782,2023-09-06,15034,Paper Pocket Traveling Fan,10.39,48,12748.0,United Kingdom
565783,2023-09-06,22066,Love Heart Trinket Pot,10.65,48,13122.0,United Kingdom
565784,2023-09-06,21791,Vintage Heads And Tails Card Game,11.53,12,15089.0,United Kingdom
565784,2023-09-06,22697,Green Regency Teacup And Saucer,13.27,6,15089.0,United Kingdom
565784,2023-09-06,22429,Enamel Measuring Jug Cream,14.61,4,15089.0,United Kingdom
565784,2023-09-06,22625,Red Kitchen Scales,18.96,4,15089.0,United Kingdom
565784,2023-09-06,22624,Ivory Kitchen Scales,18.96,8,15089.0,United Kingdom
565784,2023-09-06,84279B,Cherry Blossom Decorative Flask,14.09,4,15089.0,United Kingdom
565784,2023-09-06,22959,Wrap Christmas Village,10.68,25,15089.0,United Kingdom
565784,2023-09-06,90010E,Amber Glass/Silver Bracelet,19.42,2,15089.0,United Kingdom
565784,2023-09-06,90019C,Silver Black Orbit Bracelet,15.32,2,15089.0,United Kingdom
565784,2023-09-06,90038A,Glass And Painted Beads Bracelet To,14.09,6,15089.0,United Kingdom
565784,2023-09-06,90120C,Green Murano Twist Bracelet,14.61,4,15089.0,United Kingdom
565784,2023-09-06,90161B,Ant Copper Turq Boudicca Bracelet,15.32,3,15089.0,United Kingdom
565784,2023-09-06,90161C,Ant Copper Lime Boudicca Bracelet,15.32,3,15089.0,United Kingdom
565784,2023-09-06,90212C,Purple Las Vegas Bracelet Round,14.09,3,15089.0,United Kingdom
565784,2023-09-06,90011B,Black Crystal Drop Earrings,13.27,6,15089.0,United Kingdom
565784,2023-09-06,90018C,Silver Black Orbit Drop Earrings,14.61,2,15089.0,United Kingdom
565784,2023-09-06,90183A,Amber Drop Earrings W Long Beads,13.27,6,15089.0,United Kingdom
565784,2023-09-06,90194,Silver Lariat Black Stone Earrings,14.61,3,15089.0,United Kingdom
565767,2023-09-06,23298,Spotty Bunting,21.31,17,13767.0,United Kingdom
565767,2023-09-06,47566,Party Bunting,21.31,25,13767.0,United Kingdom
565748,2023-09-06,23111,Parisienne Sewing Box,20.91,8,14156.0,EIRE
565674,2023-09-06,23407,Set Of 2 Trays Home Sweet Home,20.45,2,15271.0,United Kingdom
565682,2023-09-06,37449,Ceramic Cake Stand + Hanging Cakes,20.45,1,14796.0,United Kingdom
565682,2023-09-06,22968,Rose Cottage Keepsake Box,20.45,1,14796.0,United Kingdom
565726,2023-09-06,23173,Regency Teapot Roses,20.45,2,14360.0,United Kingdom
565734,2023-09-06,23414,Zinc Box Sign Home,20.45,3,17191.0,United Kingdom
565764,2023-09-06,23397,Foot Stool Home Sweet Home,20.45,2,17764.0,United Kingdom
565766,2023-09-06,22487,White Wood Garden Plant Ladder,20.45,1,17841.0,United Kingdom
565766,2023-09-06,21217,Red Retrospot Round Cake Tins,20.45,1,17841.0,United Kingdom
565769,2023-09-06,22763,Key Cabinet Ma Campagne,20.45,2,16175.0,United Kingdom
565779,2023-09-06,84707B,Pink Jewelled Mirror Trinket Tray,20.45,2,15804.0,United Kingdom
C565671,2023-09-06,22059,Ceramic Strawberry Design Mug,11.78,-1,14796.0,United Kingdom
C565681,2023-09-06,23445,Ice Cream Bubbles,11.1,-20,15521.0,United Kingdom
C565681,2023-09-06,23256,Childrens Cutlery Spaceboy,14.5,-4,15521.0,United Kingdom
C565681,2023-09-06,23254,Childrens Cutlery Dolly Girl,14.5,-4,15521.0,United Kingdom
C565681,2023-09-06,22333,Retrospot Party Bag + Sticker Set,11.94,-8,15521.0,United Kingdom
C565681,2023-09-06,22332,Skulls Party Bag + Sticker Set,11.94,-8,15521.0,United Kingdom
C565681,2023-09-06,21915,Red Harmonica In Box,11.53,-12,15521.0,United Kingdom
C565681,2023-09-06,21731,Red Toadstool Led Night Light,11.94,-12,15521.0,United Kingdom
C565681,2023-09-06,20749,Assorted Colour Mini Cases,18.4,-2,15521.0,United Kingdom
C565681,2023-09-06,23203,Jumbo Bag Vintage Doily,6.19,-10,15521.0,United Kingdom
C565681,2023-09-06,23201,Jumbo Bag Alphabet,6.19,-10,15521.0,United Kingdom
C565683,2023-09-06,21891,Traditional Wooden Skipping Rope,11.74,-12,15521.0,United Kingdom
C565752,2023-09-06,23237,Set Of 4 Knick Knack Tins Leaf,14.5,-1,17841.0,United Kingdom
C565761,2023-09-06,22722,Set Of 6 Spice Tins Pantry Design,14.3,-4,16278.0,United Kingdom
C565762,2023-09-06,20724,Red Retrospot Charlotte Bag,11.12,-19,14040.0,United Kingdom
C565671,2023-09-06,22890,Novelty Biscuits Cake Stand 3 Tier,20.45,-1,14796.0,United Kingdom
